CÓDIGO_Aluno,Class,Grade,level,Activities,Badges,In Class,Points,Speaking tasks,Speaking skill,Speaking total,Quizzes,Quizzes skill,Ratings,Feedbacks
aluno1,6ve7m,9º ano,#N/D,567,40,0,100997,348,0%,01:09:32,216,80%,72,219
aluno2,6ve7m,9º ano,A1,579,43,0,93219,348,0%,00:58:27,228,97%,105,180
aluno3,6ve7m,9º ano,#N/D,210,19,0,51029,112,0%,00:23:33,95,26%,323,67
aluno4,dg23e,7º ano,A1,542,54,0,46255,329,0%,00:39:39,210,37%,66,199
aluno5,2ziol,8º ano,A2,497,42,0,41092,301,0%,00:36:59,193,65%,66,91
aluno6,87ccs,6º ano,A2,353,26,0,36936,239,0%,00:17:22,111,63%,15,231
aluno7,ouhzt,6º ano,A1,372,26,0,31057,214,0%,00:20:33,155,87%,45,72
aluno8,ygz43,7º ano,B1,288,0,0,30670,186,0%,00:20:37,102,25%,24,108
aluno9,ouhzt,6º ano,A1,376,26,0,30142,220,0%,00:15:08,153,70%,51,58
aluno10,6ve7m,9º ano,A1,220,24,0,28822,146,0%,00:14:16,73,69%,24,64
aluno11,87ccs,6º ano,A2,141,2,0,24231,99,0%,00:17:39,41,64%,24,7
aluno12,eyk3i,8º ano,A2,295,41,0,24173,171,0%,00:13:40,121,59%,29,65
aluno13,87ccs,6º ano,A1,285,24,0,23282,157,0%,00:20:19,128,59%,38,39
aluno14,fof6t,6º ano,A1,16,2,3,22271,0,0%,00:00:00,16,37%,3,0
aluno15,zocoy,9º ano,A2,266,24,0,22213,168,0%,00:24:26,95,84%,23,113
aluno16,olympicstest1,,A2,261,14,1,20645,137,0%,00:14:44,121,93%,30,67
aluno17,loprm,9º ano,A1,242,22,0,20640,130,0%,00:13:37,109,88%,22,93
aluno18,1ecn2,8º ano,A1,34,2,0,20411,24,0%,00:05:33,10,40%,0,9
aluno19,eyk3i,8º ano,A2,237,30,0,20313,132,0%,00:46:24,102,81%,25,55
aluno20,fsqaw,8º ano,A0,148,13,3,20310,65,0%,00:11:21,80,79%,17,19
aluno21,dg23e,7º ano,A1,260,30,0,19283,140,0%,00:07:40,117,43%,29,103
aluno22,eyk3i,8º ano,A2,240,24,0,18643,137,0%,00:22:54,100,60%,23,40
aluno23,87ccs,6º ano,A1,252,0,0,17886,169,0%,00:20:01,82,30%,30,67
aluno24,oiqy9,9º ano,A1,204,26,0,17790,115,0%,00:10:06,86,84%,23,55
aluno25,fsqaw,8º ano,B1,240,16,0,16772,124,0%,00:08:54,113,58%,13,106
aluno26,zocoy,9º ano,A2,208,7,0,16056,112,0%,00:14:18,93,79%,26,85
aluno27,fof6t,6º ano,#N/D,65,0,5,15814,30,0%,00:04:46,35,55%,99,20
aluno28,icmob,8º ano,A1,229,12,0,15745,121,0%,00:14:59,105,64%,24,54
aluno29,2ziol,8º ano,A1,207,0,0,14627,123,0%,00:10:56,81,62%,30,65
aluno30,icmob,8º ano,A1,177,22,0,14453,91,0%,00:09:36,83,73%,23,47
aluno31,9qp7p,6º ano,A0,103,19,3,14232,59,0%,00:08:14,44,50%,13,44
aluno32,l8dt4,7º ano,A1,186,8,0,14172,103,0%,00:06:35,83,73%,21,41
aluno33,oany5,9º ano,A2,139,2,0,11254,87,0%,00:11:16,52,86%,20,18
aluno34,ouhzt,6º ano,A0,107,34,0,10329,46,0%,00:02:42,58,75%,9,6
aluno35,9qp7p,6º ano,A0,24,4,3,10228,6,0%,00:04:28,17,71%,51,4
aluno36,oany5,9º ano,A2,145,4,0,10164,79,0%,00:07:57,63,71%,15,29
aluno37,2ziol,8º ano,A0,145,17,0,10105,61,0%,00:04:57,81,58%,12,35
aluno38,eyk3i,8º ano,B1,129,4,0,9977,81,0%,00:09:27,45,79%,20,47
aluno39,eyk3i,8º ano,A2,146,0,0,9596,73,0%,00:06:32,70,69%,19,37
aluno40,6ve7m,9º ano,A0,131,11,0,9482,60,0%,00:03:28,68,66%,17,6
aluno41,dzgln,7º ano,A0,116,22,0,8974,50,0%,00:03:38,63,57%,15,23
aluno42,fof6t,6º ano,A1,41,10,4,8655,21,0%,00:04:22,20,63%,19,32
aluno43,eyk3i,8º ano,B1,106,0,0,8187,65,0%,00:12:28,41,93%,10,33
aluno44,eyk3i,8º ano,A1,104,10,0,7828,55,0%,00:02:10,46,68%,11,21
aluno45,fof6t,6º ano,A1,104,5,5,7612,57,0%,00:07:10,44,43%,15,22
aluno46,tj173,7º ano,A1,98,18,0,7523,52,0%,00:08:15,43,36%,2,34
aluno47,dg23e,7º ano,A1,100,0,0,7430,65,0%,00:10:05,35,59%,12,37
aluno48,eyk3i,8º ano,A2,104,1,0,7377,67,0%,00:03:19,34,39%,17,50
aluno49,eyk3i,8º ano,A2,89,12,0,7367,56,0%,00:12:14,30,77%,8,42
aluno50,eyk3i,8º ano,A2,97,6,0,7268,64,0%,00:04:45,33,62%,14,34
aluno51,6ve7m,9º ano,A1,105,1,0,7238,59,0%,00:03:54,43,56%,18,27
aluno52,5u3zk,7º ano,A1,102,1,0,7230,64,0%,00:05:15,37,50%,17,28
aluno53,eyk3i,8º ano,A2,90,10,0,6810,48,0%,00:05:49,39,56%,7,39
aluno54,5aybh,7º ano,A1,50,2,0,6217,29,0%,00:02:54,18,76%,6,16
aluno55,kk7y6,6º ano,A0,82,2,1,6105,45,0%,00:03:44,34,95%,9,21
aluno56,ygz43,7º ano,A1,76,0,0,6092,58,0%,00:06:27,18,34%,11,29
aluno57,oiqy9,9º ano,A1,72,9,0,5850,38,0%,00:04:12,34,71%,4,31
aluno58,9qp7p,6º ano,A1,91,1,4,5770,48,0%,00:04:00,43,35%,12,38
aluno59,si8jo,#N/D,#N/D,64,9,0,5620,37,0%,00:09:47,27,78%,6,0
aluno60,eyk3i,8º ano,A1,84,0,0,5398,43,0%,00:01:38,38,70%,11,26
aluno61,ouhzt,6º ano,A0,95,2,0,5365,40,0%,00:02:59,52,54%,11,17
aluno62,zocoy,9º ano,A2,60,7,0,5268,33,0%,00:06:27,27,88%,7,13
aluno63,87ccs,6º ano,A1,64,3,0,5160,21,0%,00:00:50,43,44%,8,16
aluno64,oany5,9º ano,A1,64,4,0,5101,34,0%,00:02:44,30,77%,9,17
aluno65,eyk3i,8º ano,A1,61,0,0,5004,45,0%,00:04:58,15,62%,9,31
aluno66,ouhzt,6º ano,A0,70,13,0,4907,19,0%,00:00:52,48,65%,5,5
aluno67,icmob,8º ano,A1,65,0,0,4705,11,0%,00:00:45,53,76%,11,3
aluno68,icmob,8º ano,A1,51,12,0,4587,26,0%,00:02:11,25,60%,3,12
aluno69,qdqvo,6º ano,A0,94,1,0,4556,38,0%,00:01:29,53,45%,6,22
aluno70,ouhzt,6º ano,A1,57,8,0,4536,26,0%,00:02:28,28,82%,6,18
aluno71,oiqy9,9º ano,A1,65,3,0,4532,33,0%,00:02:29,29,73%,7,23
aluno72,_ny0606_default,#N/D,#N/D,57,0,0,4401,40,0%,00:07:16,17,57%,12,1
aluno73,eyk3i,8º ano,A2,57,3,0,4321,31,0%,00:06:58,23,88%,6,24
aluno74,oiqy9,9º ano,A1,53,14,0,4319,22,0%,00:02:00,28,59%,2,13
aluno75,1ecn2,8º ano,A1,56,7,0,4222,33,0%,00:01:56,22,28%,9,1
aluno76,2ziol,8º ano,A1,51,0,0,4148,40,0%,00:02:03,11,52%,6,1
aluno77,5aybh,7º ano,A1,42,6,0,4072,32,0%,00:02:21,10,55%,0,14
aluno78,loprm,9º ano,A1,55,5,0,3969,19,0%,00:02:27,33,86%,9,9
aluno79,icmob,8º ano,A2,43,10,0,3959,21,0%,00:02:15,22,74%,4,4
aluno80,udlfi,6º ano,A1,55,0,0,3897,32,0%,00:02:24,20,66%,9,10
aluno81,ymbb7,9º ano,B1,46,0,1,3891,31,0%,00:09:09,15,89%,5,28
aluno82,fof6t,6º ano,A1,55,0,3,3858,33,0%,00:01:56,22,45%,9,16
aluno83,zocoy,9º ano,A2,49,0,0,3856,30,0%,00:03:20,19,79%,11,19
aluno84,p5bmm,8º ano,A0,50,7,0,3782,20,0%,00:00:50,30,69%,4,7
aluno85,ymbb7,9º ano,A0,78,2,0,3758,27,0%,00:01:30,48,69%,3,16
aluno86,fsqaw,8º ano,A0,39,1,2,3755,18,0%,00:00:50,21,63%,16,3
aluno87,dg23e,7º ano,A0,61,0,0,3726,28,0%,00:01:51,30,64%,7,11
aluno88,udlfi,6º ano,A2,61,1,0,3602,34,0%,00:02:38,27,21%,9,26
aluno89,oiqy9,9º ano,A1,44,3,0,3582,29,0%,00:00:50,15,59%,4,4
aluno90,fof6t,6º ano,A1,50,0,3,3566,29,0%,00:01:17,21,58%,8,11
aluno91,l8dt4,7º ano,A0,45,7,0,3495,21,0%,00:00:50,24,55%,4,7
aluno92,ouhzt,6º ano,A1,88,2,0,3457,29,0%,00:01:42,56,52%,4,15
aluno93,icmob,8º ano,A1,42,8,0,3374,15,0%,00:00:52,24,88%,2,12
aluno94,_ny0606_default,#N/D,#N/D,38,4,0,3319,24,0%,00:01:45,14,50%,6,5
aluno95,dg23e,7º ano,A1,40,3,0,3285,25,0%,00:01:23,15,58%,7,13
aluno96,ymbb7,9º ano,A0,60,2,0,3224,20,0%,00:01:12,40,65%,0,16
aluno97,5u3zk,7º ano,A0,50,12,0,3222,9,0%,00:00:20,40,44%,4,0
aluno98,ygz43,7º ano,A1,49,0,0,3204,25,0%,00:02:00,24,64%,9,9
aluno99,qdqvo,6º ano,A0,55,1,0,3203,23,0%,00:01:16,32,77%,4,17
aluno100,dg23e,7º ano,A1,48,4,0,3183,23,0%,00:04:13,22,46%,3,11
aluno101,2ziol,8º ano,A1,51,1,0,3181,25,0%,00:01:29,23,50%,6,11
aluno102,1ecn2,8º ano,A0,51,5,0,3169,19,0%,00:00:41,29,53%,5,0
aluno103,l8dt4,7º ano,A0,60,0,0,3154,26,0%,00:00:52,34,41%,6,6
aluno104,4uz8p,#N/D,#N/D,35,7,0,3103,16,0%,00:01:51,16,60%,3,2
aluno105,qdqvo,6º ano,A2,43,2,0,3028,27,0%,00:02:25,15,62%,6,17
aluno106,ygz43,7º ano,A0,61,6,0,3022,13,0%,00:00:21,45,57%,5,8
aluno107,87ccs,6º ano,A1,54,6,0,2977,18,0%,00:00:29,33,34%,3,15
aluno108,fsqaw,8º ano,A1,37,0,3,2944,24,0%,00:02:15,12,68%,4,18
aluno109,fof6t,6º ano,A0,36,2,5,2932,15,0%,00:00:42,21,55%,5,0
aluno110,l8dt4,7º ano,A0,50,1,0,2914,25,0%,00:00:57,25,65%,3,8
aluno111,6ve7m,9º ano,A2,37,8,0,2908,11,0%,00:00:45,26,77%,0,10
aluno112,2ziol,8º ano,A1,51,0,0,2888,23,0%,00:01:19,25,47%,7,3
aluno113,55338,#N/D,#N/D,43,1,0,2816,18,0%,00:01:04,24,75%,9,3
aluno114,oiqy9,9º ano,A0,50,1,0,2766,14,0%,00:00:32,35,63%,12,10
aluno115,eyk3i,8º ano,A2,42,4,0,2650,20,0%,00:02:34,19,57%,1,12
aluno116,tj173,7º ano,A2,33,1,0,2618,25,0%,00:03:48,8,31%,2,14
aluno117,ouhzt,6º ano,A1,35,3,0,2587,16,0%,00:02:05,19,78%,4,8
aluno118,ouhzt,6º ano,A0,41,1,0,2578,18,0%,00:01:20,22,61%,8,3
aluno119,fof6t,6º ano,A0,55,0,3,2575,12,0%,00:01:04,40,36%,12,0
aluno120,oiqy9,9º ano,A1,36,6,0,2519,14,0%,00:00:51,19,60%,5,7
aluno121,zocoy,9º ano,A2,31,0,0,2446,22,0%,00:02:46,9,69%,6,4
aluno122,ouhzt,6º ano,A0,25,8,0,2367,11,0%,00:00:25,14,67%,0,1
aluno123,eyk3i,8º ano,A2,29,5,0,2341,14,0%,00:01:47,12,73%,5,5
aluno124,fof6t,6º ano,A0,23,3,6,2321,13,0%,00:00:52,10,62%,1,3
aluno125,eyk3i,8º ano,A2,29,0,0,2205,18,0%,00:01:28,11,85%,6,8
aluno126,_ny0606_default,#N/D,#N/D,30,5,0,2154,10,0%,00:03:56,20,61%,4,0
aluno127,udlfi,6º ano,A1,26,0,0,2113,19,0%,00:00:53,7,51%,6,13
aluno128,icmob,8º ano,A1,28,0,0,2103,18,0%,00:01:31,10,73%,4,4
aluno129,orbda,#N/D,#N/D,17,8,0,2066,9,0%,00:02:33,8,91%,0,0
aluno130,_ny0606_default,#N/D,#N/D,27,0,0,2046,14,0%,00:01:46,11,53%,7,0
aluno131,2ziol,8º ano,A1,37,4,0,2031,3,0%,00:00:14,33,70%,1,4
aluno132,l8dt4,7º ano,A0,26,0,0,2030,19,0%,00:01:53,7,21%,8,11
aluno133,dzgln,7º ano,A0,34,3,0,1974,10,0%,00:00:37,21,60%,3,7
aluno134,6ve7m,9º ano,A1,28,4,0,1914,9,0%,00:00:41,16,73%,3,6
aluno135,5aybh,7º ano,A1,32,0,0,1907,15,0%,00:01:20,17,65%,5,9
aluno136,2ziol,8º ano,A1,42,2,0,1894,9,0%,00:00:28,30,51%,3,4
aluno137,ouhzt,6º ano,A1,31,4,0,1881,9,0%,00:00:53,19,53%,4,6
aluno138,fof6t,6º ano,A0,28,0,4,1841,10,0%,00:00:28,18,76%,1,6
aluno139,55338,#N/D,#N/D,23,0,0,1829,13,0%,00:01:48,10,92%,7,0
aluno140,9qp7p,6º ano,A1,19,0,2,1822,12,0%,00:00:33,7,30%,0,13
aluno141,6ve7m,9º ano,A2,30,1,0,1820,14,0%,00:01:48,13,86%,2,9
aluno142,ymbb7,9º ano,A1,24,0,3,1804,14,0%,00:01:00,10,78%,4,10
aluno143,9qp7p,6º ano,A1,28,0,3,1769,12,0%,00:00:37,15,54%,8,6
aluno144,ouhzt,6º ano,A0,40,0,0,1763,16,0%,00:00:47,21,41%,3,11
aluno145,2ziol,8º ano,A0,32,1,0,1742,11,0%,00:00:22,18,68%,3,7
aluno146,olympicstest1,,A0,23,0,0,1715,11,0%,00:00:23,12,100%,4,0
aluno147,udlfi,6º ano,A1,22,2,0,1653,10,0%,00:00:30,12,75%,0,7
aluno148,icmob,8º ano,A1,29,0,0,1645,10,0%,00:00:53,19,67%,1,8
aluno149,zocoy,9º ano,A2,23,1,0,1605,15,0%,00:02:14,8,73%,1,12
aluno150,zocoy,9º ano,A2,24,1,0,1598,12,0%,00:01:22,11,76%,3,8
aluno151,stc26,6º ano,A0,23,0,0,1591,11,0%,00:00:33,11,64%,4,6
aluno152,olympicstest1,,#N/D,19,1,0,1589,13,0%,00:03:05,6,69%,3,0
aluno153,dg23e,7º ano,A1,33,0,0,1541,12,0%,00:01:35,18,36%,6,6
aluno154,stc26,6º ano,A0,22,0,0,1534,13,0%,00:01:04,9,30%,5,3
aluno155,ouhzt,6º ano,A0,40,0,0,1498,0,0%,00:00:00,40,73%,4,0
aluno156,ygz43,7º ano,A0,22,3,0,1495,8,0%,00:00:15,14,52%,3,6
aluno157,eyk3i,8º ano,A2,22,1,0,1489,16,0%,00:05:36,6,63%,0,12
aluno158,p5bmm,8º ano,A0,24,0,0,1483,10,0%,00:00:33,14,67%,4,0
aluno159,eyk3i,8º ano,A2,20,3,0,1442,9,0%,00:00:50,10,53%,2,6
aluno160,zocoy,9º ano,A2,28,0,0,1425,12,0%,00:01:29,13,42%,5,8
aluno161,si8jo,#N/D,#N/D,32,0,0,1401,4,0%,00:00:10,25,55%,11,1
aluno162,icmob,8º ano,A0,26,2,0,1362,8,0%,00:01:05,18,61%,1,4
aluno163,2ziol,8º ano,A0,25,2,0,1361,7,0%,00:00:14,15,56%,4,5
aluno164,5aybh,7º ano,A0,23,0,0,1335,12,0%,00:01:26,11,66%,2,6
aluno165,dg23e,7º ano,A1,20,0,0,1331,13,0%,00:00:48,7,36%,3,10
aluno166,fztih,9º ano,A1,21,0,0,1321,11,0%,00:01:10,7,71%,2,7
aluno167,loprm,9º ano,A1,12,6,0,1297,4,0%,00:00:11,8,74%,0,2
aluno168,ymbb7,9º ano,A1,5,0,6,1295,3,0%,00:00:23,2,85%,6,1
aluno169,stc26,6º ano,A0,32,0,0,1285,12,0%,00:01:06,17,68%,1,6
aluno170,l8dt4,7º ano,A0,23,0,0,1240,12,0%,00:00:33,11,65%,3,4
aluno171,zocoy,9º ano,A2,14,3,0,1238,9,0%,00:00:51,5,55%,0,4
aluno172,_ny0606_default,#N/D,#N/D,13,1,0,1230,10,0%,00:00:54,3,67%,3,0
aluno173,5u3zk,7º ano,A0,16,1,4,1169,7,0%,00:01:06,9,37%,0,5
aluno174,5aybh,7º ano,A1,13,0,0,1143,9,0%,00:01:44,4,80%,4,2
aluno175,stc26,6º ano,A0,10,4,0,1131,7,0%,00:00:37,3,80%,1,6
aluno176,icmob,8º ano,A0,18,4,0,1128,4,0%,00:00:37,13,49%,1,3
aluno177,33xi9,#N/D,#N/D,27,4,0,1115,5,0%,00:00:14,22,20%,0,0
aluno178,fof6t,6º ano,A1,16,2,5,1094,4,0%,00:00:25,9,30%,1,2
aluno179,6ve7m,9º ano,A1,21,1,0,1092,4,0%,00:00:19,14,81%,2,3
aluno180,ouhzt,6º ano,A1,21,0,0,1077,5,0%,00:00:33,13,85%,2,3
aluno181,ymbb7,9º ano,A0,22,0,0,1077,9,0%,00:00:19,13,72%,0,6
aluno182,33xi9,#N/D,#N/D,13,0,0,1047,9,0%,00:00:35,4,53%,4,0
aluno183,6ve7m,9º ano,,17,1,0,1044,4,0%,00:00:18,10,80%,1,4
aluno184,_ny0606_default,#N/D,#N/D,17,1,0,1043,6,0%,00:00:16,11,55%,4,0
aluno185,ymbb7,9º ano,A0,6,0,6,1034,4,0%,00:00:11,2,92%,0,4
aluno186,6ve7m,9º ano,A1,15,0,0,1034,7,0%,00:00:23,8,73%,4,5
aluno187,zl74u,9º ano,A2,21,0,0,1018,7,0%,00:01:24,14,45%,0,7
aluno188,_ny0606_default,#N/D,#N/D,11,0,0,990,9,0%,00:00:39,2,75%,4,0
aluno189,ymbb7,9º ano,A1,19,0,0,986,6,0%,00:00:27,10,71%,3,1
aluno190,dzgln,7º ano,A0,19,5,0,944,0,0%,00:00:00,19,47%,0,0
aluno191,_ny0606_default,#N/D,#N/D,12,0,0,936,9,0%,00:00:36,3,24%,0,1
aluno192,ouhzt,6º ano,A0,16,0,0,924,4,0%,00:00:21,9,87%,3,2
aluno193,eyk3i,8º ano,A1,18,0,0,922,6,0%,00:00:19,12,59%,4,2
aluno194,5u3zk,7º ano,A0,13,0,4,921,4,0%,00:00:09,9,38%,5,0
aluno195,ymbb7,9º ano,A0,17,0,0,919,9,0%,00:00:39,8,77%,1,5
aluno196,dg23e,7º ano,A1,13,4,0,900,4,0%,00:00:09,8,25%,0,3
aluno197,udlfi,6º ano,A1,18,0,0,890,6,0%,00:00:32,9,40%,1,6
aluno198,ygz43,7º ano,A1,19,0,0,881,6,0%,00:00:28,10,54%,1,1
aluno199,dg23e,7º ano,A1,13,2,0,846,4,0%,00:00:17,8,59%,1,2
aluno200,fof6t,6º ano,A0,14,0,4,837,3,0%,00:00:14,11,69%,4,1
aluno201,qdqvo,6º ano,A1,11,0,0,837,9,0%,00:00:41,2,17%,2,1
aluno202,ymbb7,9º ano,A0,16,0,4,836,2,0%,00:00:07,14,72%,0,0
aluno203,ouhzt,6º ano,A0,17,0,0,829,6,0%,00:00:16,10,80%,3,2
aluno204,2ziol,8º ano,A1,12,0,0,818,7,0%,00:00:41,5,43%,1,6
aluno205,icmob,8º ano,A1,20,0,0,806,3,0%,00:00:16,14,68%,3,1
aluno206,ouhzt,6º ano,A0,16,2,0,806,4,0%,00:00:07,9,41%,2,3
aluno207,olympicstest1,,B1,11,0,0,794,5,0%,00:02:14,6,94%,1,4
aluno208,zocoy,9º ano,A2,12,0,0,779,5,0%,00:00:29,7,71%,3,2
aluno209,fsqaw,8º ano,A0,5,0,2,776,2,0%,00:00:03,3,76%,3,1
aluno210,qdqvo,6º ano,A1,18,0,0,769,5,0%,00:00:10,10,46%,4,4
aluno211,eyk3i,8º ano,A1,16,2,0,753,3,0%,00:00:12,10,49%,1,3
aluno212,ouhzt,6º ano,A0,13,1,0,747,2,0%,00:00:08,11,66%,4,1
aluno213,fof6t,6º ano,#N/D,20,0,4,736,0,0%,00:00:00,19,49%,2,0
aluno214,eyk3i,8º ano,A2,8,0,0,732,6,0%,00:01:34,2,92%,4,3
aluno215,ouhzt,6º ano,A0,15,2,0,727,3,0%,00:00:19,10,38%,1,3
aluno216,zocoy,9º ano,A2,12,2,0,727,0,0%,00:00:00,11,94%,1,0
aluno217,tj173,7º ano,A1,10,0,0,720,7,0%,00:00:30,3,50%,2,4
aluno218,udlfi,6º ano,A0,5,0,0,714,1,0%,00:00:03,4,82%,0,1
aluno219,9qp7p,6º ano,A2,5,0,3,692,4,0%,00:00:16,1,83%,5,0
aluno220,2ziol,8º ano,A1,17,0,0,687,2,0%,00:00:12,12,73%,5,1
aluno221,fof6t,6º ano,A1,6,2,3,686,2,0%,00:00:18,3,90%,0,2
aluno222,2ziol,8º ano,A1,12,2,0,686,3,0%,00:00:11,9,58%,0,2
aluno223,ouhzt,6º ano,A2,11,0,0,674,5,0%,00:01:57,5,69%,0,5
aluno224,icmob,8º ano,A1,15,0,0,664,2,0%,00:00:15,10,87%,3,0
aluno225,eyk3i,8º ano,A2,11,0,0,645,5,0%,00:00:21,6,61%,1,4
aluno226,33xi9,#N/D,#N/D,12,0,0,636,3,0%,00:00:08,9,72%,1,0
aluno227,eyk3i,8º ano,A2,16,0,0,633,4,0%,00:00:30,9,58%,2,2
aluno228,ymbb7,9º ano,A0,5,0,5,630,3,0%,00:00:07,2,35%,2,1
aluno229,ouhzt,6º ano,A1,14,1,0,615,3,0%,00:00:15,8,51%,1,2
aluno230,4uz8p,#N/D,#N/D,8,1,0,607,2,0%,00:00:12,6,77%,0,0
aluno231,olympicstest1,,B1,7,0,0,600,5,0%,00:01:20,2,100%,0,4
aluno232,ymbb7,9º ano,A0,4,1,6,600,0,0%,00:00:00,4,70%,1,0
aluno233,fof6t,6º ano,A1,5,0,3,592,3,0%,00:00:06,2,77%,0,3
aluno234,fof6t,6º ano,A0,16,1,3,591,0,0%,00:00:00,16,41%,1,0
aluno235,5u3zk,7º ano,A1,6,0,5,589,3,0%,00:00:11,3,26%,0,3
aluno236,ymbb7,9º ano,A1,5,0,2,567,2,0%,00:00:06,3,78%,0,1
aluno237,ymbb7,9º ano,A0,11,0,2,558,5,0%,00:00:12,6,53%,0,3
aluno238,fsqaw,8º ano,A1,14,0,2,549,0,0%,00:00:00,13,64%,3,0
aluno239,dzgln,7º ano,A0,13,0,0,540,1,0%,00:00:06,12,63%,1,0
aluno240,zocoy,9º ano,A2,8,1,0,538,3,0%,00:00:14,4,64%,1,2
aluno241,4uz8p,#N/D,#N/D,6,0,0,537,5,0%,00:00:52,1,83%,2,1
aluno242,ouhzt,6º ano,A0,15,0,0,537,2,0%,00:00:11,11,61%,0,1
aluno243,udlfi,6º ano,A1,7,2,0,515,2,0%,00:00:12,5,46%,0,1
aluno244,ymbb7,9º ano,A0,5,0,6,502,0,0%,00:00:00,5,57%,1,0
aluno245,s9jkh,7º ano,A2,11,0,0,502,2,0%,00:00:06,9,67%,0,2
aluno246,ymbb7,9º ano,A0,7,0,3,501,2,0%,00:00:03,5,60%,0,0
aluno247,fof6t,6º ano,A1,2,0,7,500,1,0%,00:00:06,1,100%,0,0
aluno248,5u3zk,7º ano,A1,10,0,0,494,3,0%,00:00:37,7,44%,4,1
aluno249,eyk3i,8º ano,A2,7,0,0,492,4,0%,00:00:19,3,88%,1,2
aluno250,zocoy,9º ano,A2,15,0,0,484,5,0%,00:00:20,7,78%,1,1
aluno251,tj173,7º ano,A1,14,0,0,480,2,0%,00:00:30,9,37%,1,2
aluno252,5u3zk,7º ano,A0,8,2,0,477,1,0%,00:00:03,7,43%,0,1
aluno253,33xi9,#N/D,#N/D,4,2,0,466,2,0%,00:00:04,2,67%,0,0
aluno254,fof6t,6º ano,A1,4,0,3,462,3,0%,00:00:10,1,83%,2,1
aluno255,2ziol,8º ano,A1,8,0,0,462,6,0%,00:00:14,2,42%,2,2
aluno256,fof6t,6º ano,A1,11,0,3,460,1,0%,00:00:03,7,43%,1,1
aluno257,oany5,9º ano,A1,13,0,0,457,2,0%,00:00:04,8,62%,1,1
aluno258,ymbb7,9º ano,A0,9,0,3,452,0,0%,00:00:00,9,46%,3,0
aluno259,5u3zk,7º ano,A1,1,0,5,450,1,0%,00:00:07,0,0%,0,0
aluno260,4uz8p,#N/D,#N/D,11,0,0,441,1,0%,00:00:02,10,64%,2,0
aluno261,5u3zk,7º ano,A0,11,1,0,428,2,0%,00:00:17,7,34%,1,0
aluno262,5u3zk,7º ano,A0,5,0,5,425,0,0%,00:00:00,5,66%,1,0
aluno263,dg23e,7º ano,A1,11,0,0,422,2,0%,00:00:06,6,70%,1,1
aluno264,gqzpi,8º ano,A1,0,0,11,420,0,0%,00:00:00,0,0%,0,0
aluno265,orbda,#N/D,#N/D,9,0,0,418,2,0%,00:00:04,6,69%,1,0
aluno266,_ny0606_default,#N/D,#N/D,8,1,0,417,1,0%,00:00:02,7,62%,0,0
aluno267,4uz8p,#N/D,#N/D,20,0,0,415,0,0%,00:00:00,20,42%,0,0
aluno268,udlfi,6º ano,A0,14,0,0,414,2,0%,00:00:05,12,42%,4,0
aluno269,orbda,#N/D,#N/D,8,0,0,406,2,0%,00:00:06,6,59%,3,0
aluno270,eyk3i,8º ano,#N/D,9,0,0,402,2,0%,00:00:06,5,76%,1,1
aluno271,icmob,8º ano,A0,4,1,0,400,2,0%,00:00:09,2,100%,0,2
aluno272,ccloi,6º ano,A1,6,0,1,400,2,0%,00:00:08,3,100%,0,1
aluno273,gqzpi,8º ano,A1,0,0,9,400,0,0%,00:00:00,0,0%,0,0
aluno274,33xi9,#N/D,#N/D,4,0,0,395,4,0%,00:00:10,0,0%,2,0
aluno275,fztih,9º ano,A0,17,0,0,395,3,0%,00:00:09,14,54%,2,0
aluno276,ymbb7,9º ano,A0,4,0,5,393,0,0%,00:00:00,4,37%,2,0
aluno277,fof6t,6º ano,A0,4,0,3,383,3,0%,00:00:06,1,67%,0,2
aluno278,udlfi,6º ano,A1,19,0,0,381,0,0%,00:00:00,16,41%,5,0
aluno279,87ccs,6º ano,A1,6,0,0,378,3,0%,00:00:06,3,52%,0,2
aluno280,dzgln,7º ano,A0,13,0,0,378,2,0%,00:00:05,8,42%,1,0
aluno281,zocoy,9º ano,A2,6,0,0,375,4,0%,00:00:17,2,75%,0,3
aluno282,55338,#N/D,#N/D,7,0,0,373,2,0%,00:00:09,5,65%,1,2
aluno283,testtest2,,#N/D,6,0,0,372,2,0%,00:00:11,4,85%,0,0
aluno284,1ecn2,8º ano,#N/D,6,0,0,369,3,0%,00:00:13,3,39%,1,0
aluno285,udlfi,6º ano,A0,12,0,0,357,3,0%,00:00:14,6,46%,2,0
aluno286,ouhzt,6º ano,A1,10,0,0,350,2,0%,00:00:10,6,60%,2,1
aluno287,ccloi,6º ano,,4,0,1,350,2,0%,00:00:08,2,100%,0,1
aluno288,9qp7p,6º ano,#N/D,1,0,4,350,1,0%,00:00:02,0,0%,0,0
aluno289,ymbb7,9º ano,A2,5,0,4,339,0,0%,00:00:00,5,51%,1,0
aluno290,fsqaw,8º ano,A0,4,0,3,334,0,0%,00:00:00,4,25%,1,0
aluno291,9qp7p,6º ano,A0,7,0,2,334,0,0%,00:00:00,7,41%,4,0
aluno292,eyk3i,8º ano,A2,4,0,0,327,3,0%,00:00:07,1,83%,1,2
aluno293,p5bmm,8º ano,A0,4,0,0,325,2,0%,00:00:06,2,83%,0,2
aluno294,ouhzt,6º ano,A1,6,1,0,325,1,0%,00:00:02,4,58%,1,1
aluno295,ymbb7,9º ano,A0,1,0,4,320,1,0%,00:00:07,0,0%,2,1
aluno296,55338,#N/D,#N/D,3,0,0,310,3,0%,00:00:21,0,0%,1,0
aluno297,ymbb7,9º ano,A1,0,0,5,300,0,0%,00:00:00,0,0%,0,0
aluno298,fof6t,6º ano,A1,0,0,4,300,0,0%,00:00:00,0,0%,0,0
aluno299,ymbb7,9º ano,A1,0,0,5,300,0,0%,00:00:00,0,0%,0,0
aluno300,eyk3i,8º ano,A2,4,1,0,300,1,0%,00:00:07,3,67%,0,1
aluno301,9qp7p,6º ano,A1,7,0,0,298,2,0%,00:00:03,5,39%,0,1
aluno302,olympicstest1,,B1,6,0,0,298,0,0%,00:00:00,6,89%,3,0
aluno303,55338,#N/D,#N/D,4,0,0,286,2,0%,00:00:05,2,67%,2,0
aluno304,2ziol,8º ano,A1,6,0,0,285,2,0%,00:00:14,2,75%,1,1
aluno305,87ccs,6º ano,A1,5,0,0,283,2,0%,00:00:12,3,56%,0,0
aluno306,dzgln,7º ano,A0,12,0,0,279,1,0%,00:00:03,8,42%,1,1
aluno307,gqzpi,8º ano,A1,0,0,10,276,0,0%,00:00:00,0,0%,0,0
aluno308,ouhzt,6º ano,A0,3,1,0,275,1,0%,00:00:02,2,75%,0,1
aluno309,5u3zk,7º ano,A0,4,0,4,274,0,0%,00:00:00,4,37%,0,0
aluno310,udlfi,6º ano,A0,6,0,0,273,2,0%,00:00:05,3,42%,1,1
aluno311,unc5q,Ensino Médio,A2,5,0,1,269,0,0%,00:00:00,5,87%,0,0
aluno312,zocoy,9º ano,A2,10,0,0,266,2,0%,00:00:31,8,42%,0,1
aluno313,33xi9,#N/D,#N/D,6,0,0,265,1,0%,00:00:02,5,62%,1,0
aluno314,33xi9,#N/D,#N/D,3,0,0,264,2,0%,00:00:05,1,88%,2,0
aluno315,si8jo,#N/D,#N/D,7,0,0,259,1,0%,00:00:02,5,60%,1,0
aluno316,olympicstest1,,#N/D,7,0,0,258,0,0%,00:00:00,5,95%,2,0
aluno317,5u3zk,7º ano,A0,0,0,5,250,0,0%,00:00:00,0,0%,0,0
aluno318,ccloi,6º ano,,3,0,1,250,1,0%,00:00:05,2,100%,0,1
aluno319,leqxt,Ensino Médio,A1,0,0,3,250,0,0%,00:00:00,0,0%,0,0
aluno320,ymbb7,9º ano,A2,1,0,4,250,0,0%,00:00:00,1,100%,0,0
aluno321,5u3zk,7º ano,A0,0,0,5,250,0,0%,00:00:00,0,0%,0,0
aluno322,oany5,9º ano,A0,11,0,0,242,0,0%,00:00:00,11,40%,2,0
aluno323,stc26,6º ano,A0,7,0,0,237,0,0%,00:00:00,7,67%,0,0
aluno324,fsqaw,8º ano,A0,2,0,2,237,0,0%,00:00:00,2,37%,0,0
aluno325,ymbb7,9º ano,A0,2,0,3,235,0,0%,00:00:00,1,50%,1,0
aluno326,33xi9,#N/D,#N/D,7,0,0,233,0,0%,00:00:00,6,74%,1,0
aluno327,si8jo,#N/D,#N/D,8,0,0,230,0,0%,00:00:00,6,73%,1,0
aluno328,gqzpi,8º ano,#N/D,0,0,11,230,0,0%,00:00:00,0,0%,0,0
aluno329,fztih,9º ano,A0,4,1,0,229,0,0%,00:00:00,4,65%,0,0
aluno330,dzgln,7º ano,A0,7,0,0,228,1,0%,00:00:01,4,58%,1,1
aluno331,zocoy,9º ano,A2,4,1,0,227,0,0%,00:00:00,4,64%,0,0
aluno332,5u3zk,7º ano,A0,1,0,4,225,0,0%,00:00:00,1,50%,0,0
aluno333,5u3zk,7º ano,A1,4,0,1,222,0,0%,00:00:00,4,86%,0,0
aluno334,ygz43,7º ano,A0,8,0,0,222,1,0%,00:00:04,5,49%,0,0
aluno335,fsqaw,8º ano,A0,1,0,2,217,0,0%,00:00:00,1,33%,0,0
aluno336,icmob,8º ano,A0,7,0,0,216,1,0%,00:00:03,6,52%,1,0
aluno337,gqzpi,8º ano,A1,0,0,10,212,0,0%,00:00:00,0,0%,0,0
aluno338,fsqaw,8º ano,A1,1,0,2,210,1,0%,00:00:02,0,0%,1,0
aluno339,55338,#N/D,#N/D,4,0,0,210,2,0%,00:00:09,2,40%,2,0
aluno340,33xi9,#N/D,#N/D,4,0,0,205,1,0%,00:00:03,3,63%,1,0
aluno341,oany5,9º ano,A1,5,0,0,203,1,0%,00:00:03,3,68%,0,1
aluno342,_ny-b2c_default,#N/D,#N/D,3,0,0,198,0,0%,00:00:00,1,100%,1,0
aluno343,idwc8,6º ano,#N/D,0,0,9,197,0,0%,00:00:00,0,0%,0,0
aluno344,fsqaw,8º ano,A2,5,0,0,192,0,0%,00:00:00,5,77%,0,0
aluno345,9qp7p,6º ano,A0,3,0,0,190,1,0%,00:00:03,2,80%,1,0
aluno346,eyk3i,8º ano,A2,9,0,0,187,0,0%,00:00:00,6,59%,1,0
aluno347,dzgln,7º ano,A0,2,1,0,186,0,0%,00:00:00,2,86%,0,0
aluno348,ymbb7,9º ano,A0,3,0,1,185,1,0%,00:00:05,1,100%,1,0
aluno349,aslae,7º ano,A1,0,0,4,184,0,0%,00:00:00,0,0%,0,0
aluno350,aslae,7º ano,A1,0,0,4,183,0,0%,00:00:00,0,0%,0,0
aluno351,fsqaw,8º ano,A0,1,0,2,175,0,0%,00:00:00,1,50%,0,0
aluno352,si8jo,#N/D,#N/D,3,0,0,175,1,0%,00:00:09,2,75%,0,0
aluno353,8c6o5,6º ano,#N/D,0,0,5,170,0,0%,00:00:00,0,0%,0,0
aluno354,ouhzt,6º ano,A1,3,1,0,169,0,0%,00:00:00,3,46%,0,0
aluno355,5aybh,7º ano,A0,7,0,0,167,1,0%,00:00:05,6,27%,1,0
aluno356,p5bmm,8º ano,A1,6,0,0,166,0,0%,00:00:00,6,55%,0,0
aluno357,_ny0606_default,#N/D,#N/D,3,0,0,160,1,0%,00:00:03,2,100%,1,0
aluno358,eyturma5,#N/D,#N/D,3,0,0,160,0,0%,00:00:00,3,27%,0,0
aluno359,_ny-b2c_default,#N/D,A1,8,0,0,159,0,0%,00:00:00,5,60%,1,0
aluno360,fof6t,6º ano,A0,3,0,3,158,0,0%,00:00:00,3,6%,0,0
aluno361,udlfi,6º ano,A0,3,0,0,152,2,0%,00:00:07,1,83%,1,0
aluno362,gqzpi,8º ano,#N/D,0,0,11,150,0,0%,00:00:00,0,0%,0,0
aluno363,fof6t,6º ano,A1,0,0,3,150,0,0%,00:00:00,0,0%,0,0
aluno364,fsqaw,8º ano,A1,0,0,2,150,0,0%,00:00:00,0,0%,0,0
aluno365,ymbb7,9º ano,A0,0,0,2,150,0,0%,00:00:00,0,0%,0,0
aluno366,leqxt,Ensino Médio,A1,0,0,3,150,0,0%,00:00:00,0,0%,0,0
aluno367,p5bmm,8º ano,A0,3,0,0,150,1,0%,00:00:02,1,100%,0,1
aluno368,fof6t,6º ano,A0,0,0,3,150,0,0%,00:00:00,0,0%,0,0
aluno369,leqxt,Ensino Médio,A2,0,0,3,150,0,0%,00:00:00,0,0%,0,0
aluno370,eyk3i,8º ano,A2,4,0,0,150,2,0%,00:00:13,2,50%,0,1
aluno371,fsqaw,8º ano,A1,0,0,3,150,0,0%,00:00:00,0,0%,0,0
aluno372,leqxt,Ensino Médio,A1,0,0,3,150,0,0%,00:00:00,0,0%,0,0
aluno373,ccloi,6º ano,A0,2,0,1,150,0,0%,00:00:00,2,100%,0,0
aluno374,2ziol,8º ano,A1,4,0,0,149,0,0%,00:00:00,4,64%,2,0
aluno375,_ny-b2c_default,#N/D,#N/D,2,0,0,148,0,0%,00:00:00,1,100%,1,0
aluno376,orbda,#N/D,#N/D,3,0,0,147,0,0%,00:00:00,3,84%,2,0
aluno377,l1der,8º ano,A1,0,0,4,146,0,0%,00:00:00,0,0%,0,0
aluno378,9qp7p,6º ano,A0,6,0,0,145,0,0%,00:00:00,4,73%,0,0
aluno379,ymbb7,9º ano,A0,1,0,2,143,0,0%,00:00:00,1,67%,1,0
aluno380,55338,#N/D,#N/D,4,0,0,143,0,0%,00:00:00,4,41%,6,0
aluno381,si8jo,#N/D,#N/D,2,0,0,143,1,0%,00:00:05,1,67%,1,0
aluno382,33xi9,#N/D,#N/D,3,0,0,142,1,0%,00:00:04,2,42%,0,1
aluno383,aslae,7º ano,A1,0,0,3,142,0,0%,00:00:00,0,0%,0,0
aluno384,4thqd,8º ano,#N/D,0,0,6,141,0,0%,00:00:00,0,0%,0,0
aluno385,zocoy,9º ano,A2,2,0,0,140,1,0%,00:00:02,1,60%,1,0
aluno386,5u3zk,7º ano,A0,3,0,0,137,1,0%,00:00:02,2,27%,1,0
aluno387,oany5,9º ano,A1,6,0,0,135,0,0%,00:00:00,5,54%,0,0
aluno388,aslae,7º ano,A1,0,0,4,133,0,0%,00:00:00,0,0%,0,0
aluno389,aslae,7º ano,A1,0,0,4,133,0,0%,00:00:00,0,0%,0,0
aluno390,55338,#N/D,#N/D,2,0,0,133,1,0%,00:00:02,1,67%,0,0
aluno391,oiqy9,9º ano,A1,3,0,0,132,1,0%,00:00:01,2,32%,0,1
aluno392,gqzpi,8º ano,#N/D,0,0,7,130,0,0%,00:00:00,0,0%,0,0
aluno393,_ny0606_default,#N/D,#N/D,2,0,0,130,1,0%,00:00:03,1,40%,1,0
aluno394,eyturma5,#N/D,#N/D,7,0,0,127,0,0%,00:00:00,7,30%,0,0
aluno395,2ziol,8º ano,#N/D,9,0,0,125,0,0%,00:00:00,9,28%,0,0
aluno396,ouhzt,6º ano,A0,4,0,0,123,1,0%,00:00:02,3,42%,1,0
aluno397,fsqaw,8º ano,A0,1,0,2,120,0,0%,00:00:00,1,40%,0,0
aluno398,eyk3i,8º ano,A1,5,0,0,117,0,0%,00:00:00,3,77%,0,0
aluno399,rwrxz,6º ano,A0,0,0,3,116,0,0%,00:00:00,0,0%,0,0
aluno400,eyturma5,#N/D,#N/D,4,0,0,113,0,0%,00:00:00,4,29%,0,0
aluno401,_olympics_default,,#N/D,0,0,2,110,0,0%,00:00:00,0,0%,0,0
aluno402,fsqaw,8º ano,A1,0,0,2,110,0,0%,00:00:00,0,0%,1,0
aluno403,oany5,9º ano,A2,3,0,0,110,0,0%,00:00:00,3,67%,1,0
aluno404,eyturma6,#N/D,#N/D,4,0,0,107,0,0%,00:00:00,4,43%,0,0
aluno405,idwc8,6º ano,#N/D,0,0,9,105,0,0%,00:00:00,0,0%,0,0
aluno406,fsqaw,8º ano,,0,0,2,100,0,0%,00:00:00,0,0%,0,0
aluno407,fsqaw,8º ano,A1,0,0,2,100,0,0%,00:00:00,0,0%,0,0
aluno408,ymbb7,9º ano,#N/D,0,0,2,100,0,0%,00:00:00,0,0%,0,0
aluno409,fsqaw,8º ano,A0,0,0,2,100,0,0%,00:00:00,0,0%,0,0
aluno410,leqxt,Ensino Médio,A0,0,0,2,100,0,0%,00:00:00,0,0%,0,0
aluno411,leqxt,Ensino Médio,A1,0,0,2,100,0,0%,00:00:00,0,0%,0,0
aluno412,leqxt,Ensino Médio,A0,0,0,2,100,0,0%,00:00:00,0,0%,0,0
aluno413,leqxt,Ensino Médio,A0,0,0,2,100,0,0%,00:00:00,0,0%,0,0
aluno414,leqxt,Ensino Médio,A1,0,0,2,100,0,0%,00:00:00,0,0%,0,0
aluno415,leqxt,Ensino Médio,A0,0,0,2,100,0,0%,00:00:00,0,0%,0,0
aluno416,leqxt,Ensino Médio,A1,0,0,2,100,0,0%,00:00:00,0,0%,0,0
aluno417,fsqaw,8º ano,A1,0,0,2,100,0,0%,00:00:00,0,0%,0,0
aluno418,leqxt,Ensino Médio,A1,0,0,2,100,0,0%,00:00:00,0,0%,0,0
aluno419,_ny0606_default,#N/D,#N/D,1,0,0,100,1,0%,00:00:03,0,0%,0,1
aluno420,leqxt,Ensino Médio,A1,0,0,2,100,0,0%,00:00:00,0,0%,0,0
aluno421,ymbb7,9º ano,,0,0,2,100,0,0%,00:00:00,0,0%,0,0
aluno422,_ny0606_default,#N/D,#N/D,1,0,0,100,1,0%,00:00:06,0,0%,0,0
aluno423,leqxt,Ensino Médio,A1,0,0,2,100,0,0%,00:00:00,0,0%,0,0
aluno424,leqxt,Ensino Médio,A1,0,0,2,100,0,0%,00:00:00,0,0%,0,0
aluno425,leqxt,Ensino Médio,A1,0,0,2,100,0,0%,00:00:00,0,0%,0,0
aluno426,leqxt,Ensino Médio,A1,0,0,2,100,0,0%,00:00:00,0,0%,0,0
aluno427,leqxt,Ensino Médio,A1,0,0,2,100,0,0%,00:00:00,0,0%,0,0
aluno428,leqxt,Ensino Médio,A2,0,0,2,100,0,0%,00:00:00,0,0%,0,0
aluno429,leqxt,Ensino Médio,A1,0,0,2,100,0,0%,00:00:00,0,0%,0,0
aluno430,stc26,6º ano,A0,1,0,0,100,1,0%,00:00:01,0,0%,0,1
aluno431,olympicstest1,,#N/D,2,0,0,100,0,0%,00:00:00,2,100%,0,0
aluno432,leqxt,Ensino Médio,A1,0,0,2,100,0,0%,00:00:00,0,0%,0,0
aluno433,leqxt,Ensino Médio,A1,0,0,2,100,0,0%,00:00:00,0,0%,0,0
aluno434,leqxt,Ensino Médio,A1,0,0,2,100,0,0%,00:00:00,0,0%,0,0
aluno435,leqxt,Ensino Médio,A1,0,0,2,100,0,0%,00:00:00,0,0%,0,0
aluno436,leqxt,Ensino Médio,A0,0,0,2,100,0,0%,00:00:00,0,0%,0,0
aluno437,uh6sj,6º ano,,1,0,1,100,0,0%,00:00:00,1,100%,0,0
aluno438,ymbb7,9º ano,A0,1,0,0,100,1,0%,00:00:01,0,0%,0,1
aluno439,qdqvo,6º ano,A1,1,0,0,100,1,0%,00:00:01,0,0%,0,1
aluno440,33xi9,#N/D,#N/D,1,0,0,100,1,0%,00:00:03,0,0%,0,0
aluno441,leqxt,Ensino Médio,A2,0,0,2,100,0,0%,00:00:00,0,0%,0,0
aluno442,leqxt,Ensino Médio,A1,0,0,2,100,0,0%,00:00:00,0,0%,0,0
aluno443,leqxt,Ensino Médio,A1,0,0,2,100,0,0%,00:00:00,0,0%,0,0
aluno444,fsqaw,8º ano,A0,0,0,2,100,0,0%,00:00:00,0,0%,0,0
aluno445,leqxt,Ensino Médio,A0,0,0,2,100,0,0%,00:00:00,0,0%,0,0
aluno446,leqxt,Ensino Médio,A1,0,0,2,100,0,0%,00:00:00,0,0%,0,0
aluno447,leqxt,Ensino Médio,A1,0,0,2,100,0,0%,00:00:00,0,0%,0,0
aluno448,udlfi,6º ano,A1,1,0,0,100,1,0%,00:00:08,0,0%,0,1
aluno449,aslae,7º ano,A1,0,0,3,99,0,0%,00:00:00,0,0%,0,0
aluno450,_ny-b2c_default,#N/D,#N/D,2,0,0,98,0,0%,00:00:00,1,100%,1,0
aluno451,fsqaw,8º ano,A0,1,0,1,92,0,0%,00:00:00,1,83%,0,0
aluno452,eyturma6,#N/D,#N/D,2,0,0,90,0,0%,00:00:00,2,20%,0,0
aluno453,5torl,Ensino Médio,#N/D,0,0,3,90,0,0%,00:00:00,0,0%,0,0
aluno454,5torl,Ensino Médio,A2,0,0,3,89,0,0%,00:00:00,0,0%,0,0
aluno455,_ny-b2c_default,#N/D,#N/D,2,0,0,88,0,0%,00:00:00,1,100%,0,0
aluno456,9qp7p,6º ano,A0,5,0,0,86,0,0%,00:00:00,5,35%,0,0
aluno457,ymbb7,9º ano,A0,1,0,0,85,1,0%,00:00:02,0,0%,1,0
aluno458,eyturma5,#N/D,#N/D,4,0,0,85,0,0%,00:00:00,4,43%,0,0
aluno459,si8jo,#N/D,#N/D,1,0,0,85,1,0%,00:00:03,0,0%,1,0
aluno460,d349v,7º ano,#N/D,0,0,2,83,0,0%,00:00:00,0,0%,0,0
aluno461,ysyqm,Ensino Médio,#N/D,0,0,2,82,0,0%,00:00:00,0,0%,0,0
aluno462,fsqaw,8º ano,A2,1,0,1,80,0,0%,00:00:00,1,60%,0,0
aluno463,eyturma3,#N/D,#N/D,4,0,0,77,0,0%,00:00:00,4,38%,0,0
aluno464,eyturma6,#N/D,#N/D,2,0,0,76,0,0%,00:00:00,2,75%,0,0
aluno465,_ny-b2c_default,#N/D,#N/D,3,0,0,75,0,0%,00:00:00,1,100%,0,0
aluno466,_ny-b2c_default,#N/D,#N/D,2,0,0,75,0,0%,00:00:00,1,100%,0,0
aluno467,eyturma5,#N/D,#N/D,4,0,0,75,0,0%,00:00:00,4,33%,0,0
aluno468,_ny-b2c_default,#N/D,#N/D,2,0,0,75,0,0%,00:00:00,1,100%,0,0
aluno469,d349v,7º ano,#N/D,0,0,2,75,0,0%,00:00:00,0,0%,0,0
aluno470,d349v,7º ano,#N/D,0,0,2,75,0,0%,00:00:00,0,0%,0,0
aluno471,4uz8p,#N/D,#N/D,2,0,0,73,0,0%,00:00:00,2,73%,0,0
aluno472,ouhzt,6º ano,A0,2,0,0,73,0,0%,00:00:00,2,73%,0,0
aluno473,d349v,7º ano,#N/D,0,0,2,73,0,0%,00:00:00,0,0%,0,0
aluno474,eyturma1,#N/D,#N/D,5,0,0,72,0,0%,00:00:00,5,29%,0,0
aluno475,gqzpi,8º ano,#ERRO!,0,0,6,70,0,0%,00:00:00,0,0%,0,0
aluno476,eyturma5,#N/D,#N/D,3,0,0,70,0,0%,00:00:00,3,27%,0,0
aluno477,eyturma6,#N/D,#N/D,3,0,0,68,0,0%,00:00:00,3,36%,0,0
aluno478,ebac_turma2,#N/D,#N/D,12,0,0,68,0,0%,00:00:00,4,34%,0,0
aluno479,cfcm91,#N/D,#N/D,4,0,0,68,0,0%,00:00:00,3,46%,0,0
aluno480,eyturma6,#N/D,#N/D,3,0,0,68,0,0%,00:00:00,3,44%,0,0
aluno481,9qp7p,6º ano,A0,3,0,0,67,0,0%,00:00:00,3,44%,0,0
aluno482,p5bmm,8º ano,A0,2,0,0,67,0,0%,00:00:00,2,67%,0,0
aluno483,_ny0606_default,#N/D,#N/D,7,0,0,66,0,0%,00:00:00,7,19%,0,0
aluno484,d349v,7º ano,#N/D,0,0,2,65,0,0%,00:00:00,0,0%,0,0
aluno485,eyturma5,#N/D,#N/D,6,0,0,65,0,0%,00:00:00,6,18%,0,0
aluno486,ebac_turma2,#N/D,#N/D,9,0,0,65,0,0%,00:00:00,3,43%,0,0
aluno487,gqzpi,8º ano,#N/D,0,0,10,60,0,0%,00:00:00,0,0%,0,0
aluno488,_ny-b2c_default,#N/D,#N/D,2,0,0,60,0,0%,00:00:00,1,100%,1,0
aluno489,dzgln,7º ano,A0,2,0,0,60,0,0%,00:00:00,1,100%,1,0
aluno490,_ny-b2c_default,#N/D,#N/D,2,0,0,60,0,0%,00:00:00,1,100%,1,0
aluno491,gqzpi,8º ano,#N/D,0,0,10,58,0,0%,00:00:00,0,0%,0,0
aluno492,eyturma6,#N/D,#N/D,4,0,0,58,0,0%,00:00:00,4,29%,0,0
aluno493,eyturma5,#N/D,#N/D,4,0,0,58,0,0%,00:00:00,4,29%,0,0
aluno494,zocoy,9º ano,A1,2,0,0,58,0,0%,00:00:00,2,58%,0,0
aluno495,o2ean,,#N/D,2,0,0,57,0,0%,00:00:00,2,57%,0,0
aluno496,eyturma5,#N/D,#N/D,3,0,0,57,0,0%,00:00:00,3,38%,0,0
aluno497,eyturma6,#N/D,#N/D,4,0,0,57,0,0%,00:00:00,4,28%,0,0
aluno498,eyturma4,#N/D,#N/D,3,0,0,57,0,0%,00:00:00,3,38%,0,0
aluno499,eyturma6,#N/D,#N/D,4,0,0,56,0,0%,00:00:00,4,21%,0,0
aluno500,eyturma5,#N/D,#N/D,2,0,0,55,0,0%,00:00:00,2,38%,0,0
aluno501,eyturma5,#N/D,#N/D,2,0,0,55,0,0%,00:00:00,2,38%,0,0
aluno502,udlfi,6º ano,A1,3,0,0,54,0,0%,00:00:00,3,36%,0,0
aluno503,idwc8,6º ano,#N/D,0,0,9,54,0,0%,00:00:00,0,0%,0,0
aluno504,eyturma3,#N/D,#N/D,3,0,0,53,0,0%,00:00:00,3,36%,0,0
aluno505,eyturma6,#N/D,#N/D,3,0,0,52,0,0%,00:00:00,3,34%,0,0
aluno506,_copa,#N/D,#N/D,2,0,0,51,0,0%,00:00:00,1,75%,0,0
aluno507,ccloi,6º ano,#N/D,0,0,1,50,0,0%,00:00:00,0,0%,0,0
aluno508,ccloi,6º ano,,0,0,1,50,0,0%,00:00:00,0,0%,0,0
aluno509,l7z19,6º ano,,0,0,1,50,0,0%,00:00:00,0,0%,0,0
aluno510,kk7y6,6º ano,A2,0,0,1,50,0,0%,00:00:00,0,0%,0,0
aluno511,ykmtn,6º ano,,0,0,1,50,0,0%,00:00:00,0,0%,0,0
aluno512,fsqaw,8º ano,,0,0,1,50,0,0%,00:00:00,0,0%,0,0
aluno513,7rxlj,8º ano,A1,0,0,1,50,0,0%,00:00:00,0,0%,0,0
aluno514,4uz8p,#N/D,#N/D,1,0,0,50,0,0%,00:00:00,1,100%,0,0
aluno515,kk7y6,6º ano,,0,0,1,50,0,0%,00:00:00,0,0%,0,0
aluno516,eyturma6,#N/D,#N/D,2,0,0,50,0,0%,00:00:00,2,50%,0,0
aluno517,_ny-b2c_default,#N/D,#N/D,2,0,0,50,0,0%,00:00:00,1,100%,0,0
aluno518,_olympics_default,,#N/D,0,0,1,50,0,0%,00:00:00,0,0%,0,0
aluno519,ccloi,6º ano,,0,0,1,50,0,0%,00:00:00,0,0%,0,0
aluno520,eyturma6,#N/D,#N/D,1,0,0,50,0,0%,00:00:00,1,57%,0,0
aluno521,ej96x,8º ano,A2,0,0,1,50,0,0%,00:00:00,0,0%,0,0
aluno522,zl74u,9º ano,,0,0,1,50,0,0%,00:00:00,0,0%,0,0
aluno523,7rxlj,8º ano,A0,0,0,1,50,0,0%,00:00:00,0,0%,0,0
aluno524,ymbb7,9º ano,A0,2,0,0,50,0,0%,00:00:00,1,100%,0,0
aluno525,leqxt,Ensino Médio,A1,0,0,1,50,0,0%,00:00:00,0,0%,0,0
aluno526,_ny-b2c_default,#N/D,#N/D,1,0,0,50,0,0%,00:00:00,1,100%,0,0
aluno527,fsqaw,8º ano,A1,0,0,1,50,0,0%,00:00:00,0,0%,0,0
aluno528,ajzjo,6º ano,,0,0,1,50,0,0%,00:00:00,0,0%,0,0
aluno529,l7z19,6º ano,B1,0,0,1,50,0,0%,00:00:00,0,0%,0,0
aluno530,ccloi,6º ano,,0,0,1,50,0,0%,00:00:00,0,0%,0,0
aluno531,ajzjo,6º ano,B1,0,0,1,50,0,0%,00:00:00,0,0%,0,0
aluno532,_ny-b2c_default,#N/D,#N/D,2,0,0,50,0,0%,00:00:00,1,100%,0,0
aluno533,_ny-b2c_default,#N/D,#N/D,2,0,0,50,0,0%,00:00:00,1,100%,0,0
aluno534,2lgkb,#N/D,#N/D,2,0,0,50,0,0%,00:00:00,1,100%,0,0
aluno535,2lgkb,#N/D,#N/D,2,0,0,50,0,0%,00:00:00,1,100%,0,0
aluno536,eyturma6,#N/D,A1,3,0,0,50,0,0%,00:00:00,3,20%,0,0
aluno537,5u3zk,7º ano,A0,0,0,1,50,0,0%,00:00:00,0,0%,0,0
aluno538,_ny-b2c_default,#N/D,#N/D,2,0,0,50,0,0%,00:00:00,1,100%,0,0
aluno539,kk7y6,6º ano,A2,0,0,1,50,0,0%,00:00:00,0,0%,0,0
aluno540,_ny-b2c_default,#N/D,#N/D,2,0,0,50,0,0%,00:00:00,1,100%,0,0
aluno541,w9rqu,6º ano,B1,0,0,1,50,0,0%,00:00:00,0,0%,0,0
aluno542,ajzjo,6º ano,,0,0,1,50,0,0%,00:00:00,0,0%,0,0
aluno543,_ny-b2c_default,#N/D,#N/D,1,0,0,50,0,0%,00:00:00,1,100%,0,0
aluno544,w9rqu,6º ano,,0,0,1,50,0,0%,00:00:00,0,0%,0,0
aluno545,ccloi,6º ano,B1,0,0,1,50,0,0%,00:00:00,0,0%,0,0
aluno546,ajzjo,6º ano,,0,0,1,50,0,0%,00:00:00,0,0%,0,0
aluno547,_olympics_default,,#N/D,0,0,1,50,0,0%,00:00:00,0,0%,0,0
aluno548,kk7y6,6º ano,,0,0,1,50,0,0%,00:00:00,0,0%,0,0
aluno549,eyturma4,#N/D,#N/D,3,0,0,49,0,0%,00:00:00,3,33%,0,0
aluno550,l1der,8º ano,#N/D,0,0,2,48,0,0%,00:00:00,0,0%,0,0
aluno551,eyturma6,#N/D,#N/D,4,0,0,48,0,0%,00:00:00,4,19%,0,0
aluno552,eyturma6,#N/D,#N/D,3,0,0,47,0,0%,00:00:00,3,31%,0,0
aluno553,eyturma2,#N/D,#N/D,3,0,0,47,0,0%,00:00:00,3,31%,0,0
aluno554,5torl,Ensino Médio,A2,0,0,3,46,0,0%,00:00:00,0,0%,0,0
aluno555,eyturma1,#N/D,#N/D,4,0,0,45,0,0%,00:00:00,4,22%,0,0
aluno556,d349v,7º ano,#N/D,0,0,2,45,0,0%,00:00:00,0,0%,0,0
aluno557,2ziol,8º ano,A1,2,0,0,45,0,0%,00:00:00,2,45%,0,0
aluno558,eyturma6,#N/D,#N/D,3,0,0,44,0,0%,00:00:00,3,29%,0,0
aluno559,olympicstest1,,A2,1,0,0,44,0,0%,00:00:00,1,88%,0,0
aluno560,oany5,9º ano,A2,1,0,0,44,0,0%,00:00:00,1,88%,0,0
aluno561,zl74u,9º ano,A0,3,0,0,44,0,0%,00:00:00,3,17%,2,0
aluno562,eyturma5,#N/D,#N/D,3,0,0,44,0,0%,00:00:00,3,29%,0,0
aluno563,oiqy9,9º ano,A1,1,0,0,43,0,0%,00:00:00,1,86%,0,0
aluno564,olympicstest1,,A2,1,0,0,43,0,0%,00:00:00,1,67%,1,0
aluno565,ebac_turma2,#N/D,#N/D,9,0,0,43,0,0%,00:00:00,3,15%,0,0
aluno566,eyturma6,#N/D,#N/D,4,0,0,43,0,0%,00:00:00,4,21%,0,0
aluno567,eyturma5,#N/D,#N/D,1,0,0,42,0,0%,00:00:00,1,83%,0,0
aluno568,_ny0606_default,#N/D,#N/D,1,0,0,42,0,0%,00:00:00,1,83%,0,0
aluno569,aslae,7º ano,A1,0,0,2,42,0,0%,00:00:00,0,0%,0,0
aluno570,loprm,9º ano,A1,1,0,0,42,0,0%,00:00:00,1,83%,0,0
aluno571,ouhzt,6º ano,A0,1,0,0,42,0,0%,00:00:00,1,83%,0,0
aluno572,eyturma5,#N/D,#N/D,1,0,0,42,0,0%,00:00:00,1,83%,0,0
aluno573,aslae,7º ano,A1,0,0,2,42,0,0%,00:00:00,0,0%,0,0
aluno574,eyturma6,#N/D,#N/D,2,0,0,41,0,0%,00:00:00,2,8%,0,0
aluno575,tcourse01,#N/D,#N/D,3,0,0,41,0,0%,00:00:00,1,17%,0,0
aluno576,cfcm61,#N/D,#N/D,4,0,0,40,0,0%,00:00:00,3,27%,0,0
aluno577,eyturma6,#N/D,#N/D,2,0,0,40,0,0%,00:00:00,2,40%,0,0
aluno578,4thqd,8º ano,#N/D,0,0,3,40,0,0%,00:00:00,0,0%,0,0
aluno579,eyturma6,#N/D,#N/D,4,0,0,39,0,0%,00:00:00,4,19%,0,0
aluno580,eyturma6,#N/D,#N/D,3,0,0,38,0,0%,00:00:00,3,26%,0,0
aluno581,copateacher1,#N/D,#N/D,2,0,0,38,0,0%,00:00:00,1,75%,0,0
aluno582,dzgln,7º ano,A0,1,0,0,38,0,0%,00:00:00,1,75%,0,0
aluno583,_ny-b2c_default,#N/D,#N/D,4,0,0,38,0,0%,00:00:00,1,75%,0,0
aluno584,_ny-b2c_default,#N/D,#N/D,2,0,0,38,0,0%,00:00:00,1,75%,0,0
aluno585,_ny-b2c_default,#N/D,#N/D,1,0,0,38,0,0%,00:00:00,1,75%,0,0
aluno586,_ny-b2c_default,#N/D,#N/D,1,0,0,38,0,0%,00:00:00,1,75%,0,0
aluno587,eyturma5,#N/D,#N/D,3,0,0,38,0,0%,00:00:00,3,26%,0,0
aluno588,_ny-b2c_default,#N/D,#N/D,2,0,0,38,0,0%,00:00:00,1,75%,0,0
aluno589,_ny-b2c_default,#N/D,#N/D,2,0,0,38,0,0%,00:00:00,1,75%,0,0
aluno590,2lgkb,#N/D,#N/D,2,0,0,38,0,0%,00:00:00,1,75%,0,0
aluno591,eyturma6,#N/D,#N/D,2,0,0,37,0,0%,00:00:00,2,37%,0,0
aluno592,eyturma6,#N/D,#N/D,4,0,0,37,0,0%,00:00:00,4,18%,0,0
aluno593,p6uai,Ensino Médio,A1,1,0,0,36,0,0%,00:00:00,1,71%,0,0
aluno594,eyturma5,#N/D,#N/D,1,0,0,36,0,0%,00:00:00,1,71%,0,0
aluno595,eyturma5,#N/D,#N/D,2,0,0,36,0,0%,00:00:00,2,36%,0,0
aluno596,eyturma6,#N/D,#N/D,3,0,0,35,0,0%,00:00:00,3,23%,0,0
aluno597,olympicstest1,,#N/D,1,0,0,33,0,0%,00:00:00,1,67%,0,0
aluno598,rwrxz,6º ano,,0,0,1,33,0,0%,00:00:00,0,0%,0,0
aluno599,udlfi,6º ano,A1,1,0,0,33,0,0%,00:00:00,1,67%,0,0
aluno600,5u3zk,7º ano,A0,1,0,0,33,0,0%,00:00:00,1,67%,0,0
aluno601,qdqvo,6º ano,A1,1,0,0,33,0,0%,00:00:00,1,67%,0,0
aluno602,udlfi,6º ano,A1,1,0,0,33,0,0%,00:00:00,1,67%,0,0
aluno603,eyturma6,#N/D,#N/D,1,0,0,33,0,0%,00:00:00,1,67%,0,0
aluno604,eyturma6,#N/D,#N/D,1,0,0,33,0,0%,00:00:00,1,67%,0,0
aluno605,stc26,6º ano,A0,1,0,0,33,0,0%,00:00:00,1,67%,0,0
aluno606,f7qd4,8º ano,#N/D,0,0,1,31,0,0%,00:00:00,0,0%,0,0
aluno607,eyturma5,#N/D,#N/D,2,0,0,30,0,0%,00:00:00,2,30%,0,0
aluno608,tcourse01,#N/D,#N/D,4,0,0,30,0,0%,00:00:00,1,60%,0,0
aluno609,eyturma6,#N/D,#N/D,2,0,0,30,0,0%,00:00:00,2,30%,0,0
aluno610,eyturma6,#N/D,#N/D,1,0,0,30,0,0%,00:00:00,1,40%,0,0
aluno611,eyturma6,#N/D,#N/D,2,0,0,30,0,0%,00:00:00,2,30%,0,0
aluno612,eyturma5,#N/D,#N/D,1,0,0,30,0,0%,00:00:00,1,60%,0,0
aluno613,zl74u,9º ano,A2,1,0,0,30,0,0%,00:00:00,1,60%,0,0
aluno614,cfcm81,#N/D,#N/D,2,0,0,30,0,0%,00:00:00,2,30%,0,0
aluno615,1244x,9º ano,#N/D,0,0,1,30,0,0%,00:00:00,0,0%,0,0
aluno616,1244x,9º ano,#N/D,0,0,1,30,0,0%,00:00:00,0,0%,0,0
aluno617,eyturma5,#N/D,#N/D,1,0,0,29,0,0%,00:00:00,1,57%,0,0
aluno618,eyturma5,#N/D,#N/D,5,0,0,28,0,0%,00:00:00,5,11%,0,0
aluno619,eyturma6,#N/D,#N/D,4,0,0,28,0,0%,00:00:00,4,14%,0,0
aluno620,eyturma6,#N/D,#N/D,2,0,0,27,0,0%,00:00:00,2,27%,0,0
aluno621,_ny-b2c_default,#N/D,#N/D,1,0,0,25,0,0%,00:00:00,1,50%,0,0
aluno622,eyturma5,#N/D,#N/D,1,0,0,25,0,0%,00:00:00,1,50%,0,0
aluno623,eyturma5,#N/D,#N/D,1,0,0,25,0,0%,00:00:00,1,50%,0,0
aluno624,eyturma5,#N/D,#N/D,1,0,0,25,0,0%,00:00:00,1,50%,0,0
aluno625,eyturma1,#N/D,#N/D,1,0,0,25,0,0%,00:00:00,1,50%,0,0
aluno626,_ny-b2c_default,#N/D,#N/D,1,0,0,25,0,0%,00:00:00,1,50%,0,0
aluno627,5torl,Ensino Médio,,0,0,1,25,0,0%,00:00:00,0,0%,0,0
aluno628,eyturma1,#N/D,#N/D,1,0,0,25,0,0%,00:00:00,1,50%,0,0
aluno629,eyturma6,#N/D,#N/D,1,0,0,25,0,0%,00:00:00,1,33%,0,0
aluno630,_ny-b2c_default,#N/D,#N/D,2,0,0,25,0,0%,00:00:00,1,50%,0,0
aluno631,eyturma5,#N/D,#N/D,1,0,0,25,0,0%,00:00:00,1,50%,0,0
aluno632,eyturma5,#N/D,#N/D,1,0,0,25,0,0%,00:00:00,1,50%,0,0
aluno633,_ny-b2c_default,#N/D,#N/D,2,0,0,25,0,0%,00:00:00,1,50%,0,0
aluno634,_copa,#N/D,#N/D,2,0,0,25,0,0%,00:00:00,1,50%,0,0
aluno635,_ny-b2c_default,#N/D,#N/D,2,0,0,25,0,0%,00:00:00,1,50%,0,0
aluno636,eyturma6,#N/D,#N/D,1,0,0,25,0,0%,00:00:00,1,50%,0,0
aluno637,_ny0606_default,#N/D,#N/D,1,0,0,25,0,0%,00:00:00,1,50%,0,0
aluno638,5torl,Ensino Médio,B1,0,0,3,25,0,0%,00:00:00,0,0%,0,0
aluno639,_ny0606_default,#N/D,#N/D,1,0,0,25,0,0%,00:00:00,1,50%,0,0
aluno640,eyturma6,#N/D,#N/D,1,0,0,20,0,0%,00:00:00,1,40%,0,0
aluno641,eyturma6,#N/D,#N/D,2,0,0,20,0,0%,00:00:00,2,20%,0,0
aluno642,eyturma6,#N/D,#N/D,1,0,0,20,0,0%,00:00:00,1,40%,0,0
aluno643,ebac_turma1,#N/D,#N/D,4,0,0,20,0,0%,00:00:00,1,40%,0,0
aluno644,eyturma5,#N/D,#N/D,2,0,0,20,0,0%,00:00:00,2,20%,0,0
aluno645,ebac_turma2,#N/D,#N/D,4,0,0,20,0,0%,00:00:00,1,40%,0,0
aluno646,eyturma6,#N/D,#N/D,2,0,0,20,0,0%,00:00:00,2,20%,0,0
aluno647,eyturma6,#N/D,#N/D,1,0,0,20,0,0%,00:00:00,1,40%,0,0
aluno648,eyturma6,#N/D,#N/D,2,0,0,20,0,0%,00:00:00,2,20%,0,0
aluno649,eyturma4,#N/D,#N/D,1,0,0,20,0,0%,00:00:00,1,40%,0,0
aluno650,eyturma6,#N/D,#N/D,1,0,0,20,0,0%,00:00:00,1,40%,0,0
aluno651,ebac_turma2,#N/D,#N/D,2,0,0,20,0,0%,00:00:00,1,40%,0,0
aluno652,eyturma6,#N/D,#N/D,1,0,0,20,0,0%,00:00:00,1,40%,0,0
aluno653,ebac_turma2,#N/D,#N/D,3,0,0,20,0,0%,00:00:00,1,40%,0,0
aluno654,5torl,Ensino Médio,,0,0,1,19,0,0%,00:00:00,0,0%,0,0
aluno655,5torl,Ensino Médio,A2,0,0,1,19,0,0%,00:00:00,0,0%,0,0
aluno656,eyturma6,#N/D,#N/D,3,0,0,18,0,0%,00:00:00,3,12%,0,0
aluno657,eyturma6,#N/D,A1,2,0,0,18,0,0%,00:00:00,2,18%,0,0
aluno658,eyturma6,#N/D,#N/D,1,0,0,17,0,0%,00:00:00,1,33%,0,0
aluno659,eyturma5,#N/D,#N/D,1,0,0,17,0,0%,00:00:00,1,33%,0,0
aluno660,eyturma6,#N/D,#N/D,1,0,0,17,0,0%,00:00:00,1,33%,0,0
aluno661,eyturma6,#N/D,#N/D,1,0,0,17,0,0%,00:00:00,1,33%,0,0
aluno662,ouhzt,6º ano,A0,1,0,0,17,0,0%,00:00:00,1,33%,0,0
aluno663,eyturma5,#N/D,#N/D,1,0,0,17,0,0%,00:00:00,1,33%,0,0
aluno664,_ny0606_default,#N/D,#N/D,2,0,0,17,0,0%,00:00:00,2,17%,0,0
aluno665,5torl,Ensino Médio,A1,0,0,2,17,0,0%,00:00:00,0,0%,0,0
aluno666,tcourse01,#N/D,#N/D,4,0,0,17,0,0%,00:00:00,1,33%,0,0
aluno667,eyturma1,#N/D,#N/D,1,0,0,17,0,0%,00:00:00,1,33%,0,0
aluno668,eyturma6,#N/D,#N/D,1,0,0,17,0,0%,00:00:00,1,33%,0,0
aluno669,eyturma6,#N/D,#N/D,1,0,0,17,0,0%,00:00:00,1,33%,0,0
aluno670,eyturma6,#N/D,#N/D,1,0,0,17,0,0%,00:00:00,1,33%,0,0
aluno671,eyturma5,#N/D,#N/D,1,0,0,17,0,0%,00:00:00,1,33%,0,0
aluno672,5torl,Ensino Médio,A2,0,0,3,17,0,0%,00:00:00,0,0%,0,0
aluno673,6zlj2,8º ano,A0,0,0,2,16,0,0%,00:00:00,0,0%,0,0
aluno674,eyturma6,#N/D,#N/D,2,0,0,13,0,0%,00:00:00,2,13%,0,0
aluno675,udlfi,6º ano,A2,1,0,0,13,0,0%,00:00:00,1,25%,0,0
aluno676,_ny-b2c_default,#N/D,#N/D,1,0,0,13,0,0%,00:00:00,1,25%,0,0
aluno677,eyturma5,#N/D,#N/D,1,0,0,13,0,0%,00:00:00,1,25%,0,0
aluno678,eyturma6,#N/D,#N/D,2,0,0,13,0,0%,00:00:00,2,13%,0,0
aluno679,_ny-b2c_default,#N/D,#N/D,2,0,0,13,0,0%,00:00:00,1,25%,0,0
aluno680,eyturma6,#N/D,#N/D,1,0,0,13,0,0%,00:00:00,1,25%,0,0
aluno681,eyturma6,#N/D,#N/D,1,0,0,13,0,0%,00:00:00,1,25%,0,0
aluno682,_copa,#N/D,#N/D,1,0,0,13,0,0%,00:00:00,1,25%,0,0
aluno683,dmr3g,8º ano,A1,0,0,1,13,0,0%,00:00:00,0,0%,0,0
aluno684,_ny0606_default,#N/D,#N/D,0,0,0,10,0,0%,00:00:00,0,0%,1,0
aluno685,1ecn2,8º ano,#N/D,1,0,0,10,0,0%,00:00:00,1,20%,0,0
aluno686,masterteche4eah,#N/D,#N/D,3,0,0,10,0,0%,00:00:00,1,20%,0,0
aluno687,eyturma6,#N/D,#N/D,1,0,0,10,0,0%,00:00:00,1,20%,0,0
aluno688,eyturma5,#N/D,#N/D,1,0,0,10,0,0%,00:00:00,1,20%,0,0
aluno689,eyturma6,#N/D,#N/D,1,0,0,10,0,0%,00:00:00,1,20%,0,0
aluno690,eyturma6,#N/D,#N/D,1,0,0,10,0,0%,00:00:00,1,20%,0,0
aluno691,ebac_turma1,#N/D,#N/D,2,0,0,10,0,0%,00:00:00,1,20%,0,0
aluno692,2ziol,8º ano,A1,0,0,0,10,0,0%,00:00:00,0,0%,1,0
aluno693,eyturma5,#N/D,#N/D,2,0,0,10,0,0%,00:00:00,2,10%,0,0
aluno694,eyturma6,#N/D,#N/D,1,0,0,10,0,0%,00:00:00,1,20%,0,0
aluno695,eyturma6,#N/D,#N/D,2,0,0,10,0,0%,00:00:00,2,10%,0,0
aluno696,eyturma6,#N/D,#N/D,1,0,0,10,0,0%,00:00:00,1,20%,0,0
aluno697,eyturma6,#N/D,#N/D,1,0,0,10,0,0%,00:00:00,1,20%,0,0
aluno698,eyturma5,#N/D,#N/D,1,0,0,10,0,0%,00:00:00,1,20%,0,0
aluno699,eyturma6,#N/D,#N/D,2,0,0,10,0,0%,00:00:00,2,10%,0,0
aluno700,ebac_turma2,#N/D,#N/D,2,0,0,10,0,0%,00:00:00,1,20%,0,0
aluno701,_ny0606_default,#N/D,#N/D,0,0,0,10,0,0%,00:00:00,0,0%,1,0
aluno702,33xi9,#N/D,#N/D,0,0,0,10,0,0%,00:00:00,0,0%,1,0
aluno703,eyturma6,#N/D,#N/D,1,0,0,10,0,0%,00:00:00,1,20%,0,0
aluno704,eyturma6,#N/D,#N/D,2,0,0,10,0,0%,00:00:00,2,10%,0,0
aluno705,eyturma6,#N/D,#N/D,1,0,0,10,0,0%,00:00:00,1,20%,0,0
aluno706,gqzpi,8º ano,#N/D,0,0,10,8,0,0%,00:00:00,0,0%,0,0
aluno707,5torl,Ensino Médio,A0,0,0,3,8,0,0%,00:00:00,0,0%,0,0
aluno708,eyturma6,#N/D,#N/D,1,0,0,8,0,0%,00:00:00,1,17%,0,0
aluno709,eyturma1,#N/D,#N/D,1,0,0,8,0,0%,00:00:00,1,17%,0,0
aluno710,eyturma6,#N/D,#N/D,1,0,0,8,0,0%,00:00:00,1,17%,0,0
aluno711,eyturma6,#N/D,#N/D,1,0,0,8,0,0%,00:00:00,1,17%,0,0
aluno712,eyturma5,#N/D,#N/D,1,0,0,8,0,0%,00:00:00,1,17%,0,0
aluno713,eyturma6,#N/D,#N/D,2,0,0,8,0,0%,00:00:00,2,8%,0,0
aluno714,5torl,Ensino Médio,A0,0,0,3,8,0,0%,00:00:00,0,0%,0,0
aluno715,eyturma6,#N/D,#N/D,1,0,0,8,0,0%,00:00:00,1,17%,0,0
aluno716,eyturma6,#N/D,#N/D,1,0,0,8,0,0%,00:00:00,1,17%,0,0
aluno717,eyturma6,#N/D,#N/D,1,0,0,8,0,0%,00:00:00,1,17%,0,0
aluno718,eyturma6,#N/D,#N/D,1,0,0,8,0,0%,00:00:00,1,17%,0,0
aluno719,eyturma6,#N/D,#N/D,1,0,0,8,0,0%,00:00:00,1,17%,0,0
aluno720,eyturma6,#N/D,#N/D,1,0,0,7,0,0%,00:00:00,1,14%,0,0
aluno721,6ve7m,9º ano,A0,1,0,0,6,0,0%,00:00:00,1,13%,0,0
aluno722,eytrial123,#N/D,#N/D,0,0,0,0,0,0%,00:00:00,0,0%,0,0
aluno723,eytrial6,#N/D,#N/D,0,0,0,0,0,0%,00:00:00,0,0%,0,0
aluno724,_ny-b2c_default,#N/D,#N/D,0,0,0,0,0,0%,00:00:00,0,0%,0,0
aluno725,eytrial6,#N/D,#N/D,0,0,0,0,0,0%,00:00:00,0,0%,0,0
aluno726,eyturma5,#N/D,#N/D,0,0,0,0,0,0%,00:00:00,0,0%,0,0
aluno727,eytrial6,#N/D,#N/D,0,0,0,0,0,0%,00:00:00,0,0%,0,0
aluno728,eytrial6,#N/D,#N/D,0,0,0,0,0,0%,00:00:00,0,0%,0,0
aluno729,eytrial123,#N/D,#N/D,0,0,0,0,0,0%,00:00:00,0,0%,0,0
aluno730,eytrial6,#N/D,#N/D,0,0,0,0,0,0%,00:00:00,0,0%,0,0
aluno731,cfcm61,#N/D,#N/D,0,0,0,0,0,0%,00:00:00,0,0%,0,0
aluno732,mastertech01_l2,#N/D,#N/D,0,0,0,0,0,0%,00:00:00,0,0%,0,0
aluno733,eytrial6,#N/D,#N/D,0,0,0,0,0,0%,00:00:00,0,0%,0,0
aluno734,cfcm61,#N/D,#N/D,0,0,0,0,0,0%,00:00:00,0,0%,0,0
aluno735,eytrial6,#N/D,#N/D,0,0,0,0,0,0%,00:00:00,0,0%,0,0
aluno736,eytrial6,#N/D,#N/D,0,0,0,0,0,0%,00:00:00,0,0%,0,0
aluno737,eytrial6,#N/D,#N/D,0,0,0,0,0,0%,00:00:00,0,0%,0,0
aluno738,eytrial6,#N/D,#N/D,0,0,0,0,0,0%,00:00:00,0,0%,0,0
aluno739,cfcm71,#N/D,#N/D,0,0,0,0,0,0%,00:00:00,0,0%,0,0
aluno740,eytrial6,#N/D,#N/D,0,0,0,0,0,0%,00:00:00,0,0%,0,0
aluno741,eytrial6,#N/D,#N/D,0,0,0,0,0,0%,00:00:00,0,0%,0,0
aluno742,_copa,#N/D,#N/D,0,0,0,0,0,0%,00:00:00,0,0%,0,0
aluno743,_default,#N/D,#N/D,0,0,0,0,0,0%,00:00:00,0,0%,0,0
aluno744,eytrial6,#N/D,#N/D,0,0,0,0,0,0%,00:00:00,0,0%,0,0
aluno745,eytrial6,#N/D,#N/D,0,0,0,0,0,0%,00:00:00,0,0%,0,0
aluno746,eytrial6,#N/D,#N/D,0,0,0,0,0,0%,00:00:00,0,0%,0,0
aluno747,mastertech01_l1,#N/D,#N/D,0,0,0,0,0,0%,00:00:00,0,0%,0,0
aluno748,eytrial123,#N/D,#N/D,0,0,0,0,0,0%,00:00:00,0,0%,0,0
aluno749,eytrial6,#N/D,#N/D,0,0,0,0,0,0%,00:00:00,0,0%,0,0
aluno750,eytrial123,#N/D,#N/D,0,0,0,0,0,0%,00:00:00,0,0%,0,0
aluno751,eytrial6,#N/D,#N/D,0,0,0,0,0,0%,00:00:00,0,0%,0,0
aluno752,eytrial6,#N/D,#N/D,0,0,0,0,0,0%,00:00:00,0,0%,0,0
aluno753,eytrial6,#N/D,#N/D,0,0,0,0,0,0%,00:00:00,0,0%,0,0
aluno754,eytrial6,#N/D,#N/D,0,0,0,0,0,0%,00:00:00,0,0%,0,0
aluno755,eytrial4,#N/D,#N/D,0,0,0,0,0,0%,00:00:00,0,0%,0,0
aluno756,eytrial6,#N/D,#N/D,0,0,0,0,0,0%,00:00:00,0,0%,0,0
aluno757,eytrial6,#N/D,#N/D,0,0,0,0,0,0%,00:00:00,0,0%,0,0
aluno758,eytrial6,#N/D,#N/D,0,0,0,0,0,0%,00:00:00,0,0%,0,0
aluno759,delphos91,#N/D,#N/D,0,0,0,0,0,0%,00:00:00,0,0%,0,0
aluno760,mastertech01_l2,#N/D,#N/D,0,0,0,0,0,0%,00:00:00,0,0%,0,0
aluno761,mastertech01_l1,#N/D,#N/D,0,0,0,0,0,0%,00:00:00,0,0%,0,0
aluno762,eytrial6,#N/D,#N/D,0,0,0,0,0,0%,00:00:00,0,0%,0,0
aluno763,_ny-b2c_default,#N/D,#N/D,0,0,0,0,0,0%,00:00:00,0,0%,0,0
aluno764,eytrial6,#N/D,#N/D,0,0,0,0,0,0%,00:00:00,0,0%,0,0
aluno765,fz81q,#N/D,#N/D,0,0,0,0,0,0%,00:00:00,0,0%,0,0
aluno766,eytrial6,#N/D,#N/D,0,0,0,0,0,0%,00:00:00,0,0%,0,0
aluno767,eyturma5,#N/D,#N/D,0,0,0,0,0,0%,00:00:00,0,0%,0,0
aluno768,eytrial6,#N/D,#N/D,0,0,0,0,0,0%,00:00:00,0,0%,0,0
aluno769,eytrial6,#N/D,#N/D,0,0,0,0,0,0%,00:00:00,0,0%,0,0
aluno770,eyturma5,#N/D,#N/D,0,0,0,0,0,0%,00:00:00,0,0%,0,0
aluno771,eytrial6,#N/D,#N/D,0,0,0,0,0,0%,00:00:00,0,0%,0,0
aluno772,eytrial6,#N/D,#N/D,0,0,0,0,0,0%,00:00:00,0,0%,0,0
aluno773,_copa,#N/D,#N/D,0,0,0,0,0,0%,00:00:00,0,0%,0,0
aluno774,_copa,#N/D,#N/D,0,0,0,0,0,0%,00:00:00,0,0%,0,0
aluno775,eytrial6,#N/D,#N/D,0,0,0,0,0,0%,00:00:00,0,0%,0,0
aluno776,eyturma5,#N/D,#N/D,0,0,0,0,0,0%,00:00:00,0,0%,0,0
aluno777,eytrial6,#N/D,#N/D,0,0,0,0,0,0%,00:00:00,0,0%,0,0
aluno778,eytrial6,#N/D,#N/D,0,0,0,0,0,0%,00:00:00,0,0%,0,0
aluno779,eytrial6,#N/D,#N/D,0,0,0,0,0,0%,00:00:00,0,0%,0,0
aluno780,testey1,#N/D,#N/D,0,0,0,0,0,0%,00:00:00,0,0%,0,0
aluno781,eyturma5,#N/D,#N/D,0,0,0,0,0,0%,00:00:00,0,0%,0,0
aluno782,_olympics_default,,A0,0,0,0,0,0,0%,00:00:00,0,0%,0,0
aluno783,eytrial6,#N/D,#N/D,0,0,0,0,0,0%,00:00:00,0,0%,0,0
aluno784,eytrial6,#N/D,#N/D,0,0,0,0,0,0%,00:00:00,0,0%,0,0
aluno785,xdemo,#N/D,#N/D,0,0,0,0,0,0%,00:00:00,0,0%,0,0
aluno786,eytrial6,#N/D,#N/D,0,0,0,0,0,0%,00:00:00,0,0%,0,0
aluno787,eytrial6,#N/D,#N/D,0,0,0,0,0,0%,00:00:00,0,0%,0,0
aluno788,eyturma5,#N/D,#N/D,0,0,0,0,0,0%,00:00:00,0,0%,0,0
aluno789,eytrial6,#N/D,#N/D,0,0,0,0,0,0%,00:00:00,0,0%,0,0
aluno790,eyturma6,#N/D,#N/D,0,0,0,0,0,0%,00:00:00,0,0%,0,0
aluno791,cfcm67,#N/D,#N/D,0,0,0,0,0,0%,00:00:00,0,0%,0,0
aluno792,eytrial6,#N/D,#N/D,0,0,0,0,0,0%,00:00:00,0,0%,0,0
aluno793,gen7,#N/D,#N/D,0,0,0,0,0,0%,00:00:00,0,0%,0,0
aluno794,eytrial6,#N/D,#N/D,0,0,0,0,0,0%,00:00:00,0,0%,0,0
aluno795,csa1cd,#N/D,#N/D,0,0,0,0,0,0%,00:00:00,0,0%,0,0
aluno796,eytrial6,#N/D,#N/D,0,0,0,0,0,0%,00:00:00,0,0%,0,0
aluno797,eyturma5,#N/D,#N/D,0,0,0,0,0,0%,00:00:00,0,0%,0,0
aluno798,cfcm88,#N/D,#N/D,0,0,0,0,0,0%,00:00:00,0,0%,0,0
aluno799,eyturma6,#N/D,#N/D,0,0,0,0,0,0%,00:00:00,0,0%,0,0
aluno800,eytrial6,#N/D,#N/D,0,0,0,0,0,0%,00:00:00,0,0%,0,0
aluno801,eytrial6,#N/D,#N/D,0,0,0,0,0,0%,00:00:00,0,0%,0,0
aluno802,eyturma5,#N/D,#N/D,0,0,0,0,0,0%,00:00:00,0,0%,0,0
aluno803,eytrial6,#N/D,#N/D,0,0,0,0,0,0%,00:00:00,0,0%,0,0
aluno804,eytrial6,#N/D,#N/D,0,0,0,0,0,0%,00:00:00,0,0%,0,0
aluno805,_ny-b2c_default,#N/D,#N/D,0,0,0,0,0,0%,00:00:00,0,0%,0,0
aluno806,eytrial6,#N/D,#N/D,0,0,0,0,0,0%,00:00:00,0,0%,0,0
aluno807,eytrial6,#N/D,#N/D,0,0,0,0,0,0%,00:00:00,0,0%,0,0
aluno808,eytrial6,#N/D,#N/D,0,0,0,0,0,0%,00:00:00,0,0%,0,0
aluno809,eyturma5,#N/D,#N/D,0,0,0,0,0,0%,00:00:00,0,0%,0,0
aluno810,eytrial6,#N/D,#N/D,0,0,0,0,0,0%,00:00:00,0,0%,0,0
aluno811,eytrial6,#N/D,#N/D,0,0,0,0,0,0%,00:00:00,0,0%,0,0
aluno812,eyturma5,#N/D,#N/D,0,0,0,0,0,0%,00:00:00,0,0%,0,0
aluno813,cfcm81,#N/D,#N/D,0,0,0,0,0,0%,00:00:00,0,0%,0,0
aluno814,eyturma6,#N/D,#N/D,0,0,0,0,0,0%,00:00:00,0,0%,0,0
aluno815,eytrial6,#N/D,#N/D,0,0,0,0,0,0%,00:00:00,0,0%,0,0
aluno816,eyturma6,#N/D,#N/D,1,0,0,0,0,0%,00:00:00,1,0%,0,0
aluno817,eytrial6,#N/D,#N/D,0,0,0,0,0,0%,00:00:00,0,0%,0,0
aluno818,eytrial6,#N/D,#N/D,0,0,0,0,0,0%,00:00:00,0,0%,0,0
aluno819,eytrial6,#N/D,#N/D,0,0,0,0,0,0%,00:00:00,0,0%,0,0
aluno820,eytrial6,#N/D,#N/D,0,0,0,0,0,0%,00:00:00,0,0%,0,0
aluno821,eytrial6,#N/D,#N/D,0,0,0,0,0,0%,00:00:00,0,0%,0,0
aluno822,ipa19am,#N/D,#N/D,0,0,0,0,0,0%,00:00:00,0,0%,0,0
aluno823,eytrial6,#N/D,#N/D,0,0,0,0,0,0%,00:00:00,0,0%,0,0
aluno824,eytrial6,#N/D,#N/D,0,0,0,0,0,0%,00:00:00,0,0%,0,0
aluno825,eyturma5,#N/D,#N/D,0,0,0,0,0,0%,00:00:00,0,0%,0,0
aluno826,eytrial6,#N/D,#N/D,0,0,0,0,0,0%,00:00:00,0,0%,0,0
aluno827,_default,#N/D,#N/D,0,0,0,0,0,0%,00:00:00,0,0%,0,0
aluno828,eytrial6,#N/D,#N/D,0,0,0,0,0,0%,00:00:00,0,0%,0,0
aluno829,eytrial6,#N/D,#N/D,0,0,0,0,0,0%,00:00:00,0,0%,0,0
aluno830,eyturma6,#N/D,#N/D,0,0,0,0,0,0%,00:00:00,0,0%,0,0
aluno831,eytrial6,#N/D,#N/D,0,0,0,0,0,0%,00:00:00,0,0%,0,0
aluno832,eytrial6,#N/D,#N/D,0,0,0,0,0,0%,00:00:00,0,0%,0,0
aluno833,eytrial6,#N/D,#N/D,0,0,0,0,0,0%,00:00:00,0,0%,0,0
aluno834,eytrial123,#N/D,#N/D,0,0,0,0,0,0%,00:00:00,0,0%,0,0
aluno835,eyturma5,#N/D,#N/D,0,0,0,0,0,0%,00:00:00,0,0%,0,0
aluno836,eytrial6,#N/D,#N/D,0,0,0,0,0,0%,00:00:00,0,0%,0,0
aluno837,eytrial6,#N/D,#N/D,0,0,0,0,0,0%,00:00:00,0,0%,0,0
aluno838,eytrial6,#N/D,#N/D,0,0,0,0,0,0%,00:00:00,0,0%,0,0
aluno839,eytrial6,#N/D,#N/D,0,0,0,0,0,0%,00:00:00,0,0%,0,0
aluno840,eytrial6,#N/D,#N/D,0,0,0,0,0,0%,00:00:00,0,0%,0,0
aluno841,eytrial6,#N/D,#N/D,0,0,0,0,0,0%,00:00:00,0,0%,0,0
aluno842,eyturma6,#N/D,#N/D,0,0,0,0,0,0%,00:00:00,0,0%,0,0
aluno843,_olympics_default,,A1,0,0,0,0,0,0%,00:00:00,0,0%,0,0
aluno844,eyturma5,#N/D,#N/D,0,0,0,0,0,0%,00:00:00,0,0%,0,0
aluno845,_ny-b2c_default,#N/D,#N/D,0,0,0,0,0,0%,00:00:00,0,0%,0,0
aluno846,_ny0606_default,#N/D,#N/D,0,0,0,0,0,0%,00:00:00,0,0%,0,0
aluno847,eytrial6,#N/D,#N/D,0,0,0,0,0,0%,00:00:00,0,0%,0,0
aluno848,eytrial6,#N/D,#N/D,0,0,0,0,0,0%,00:00:00,0,0%,0,0
aluno849,eytrial6,#N/D,#N/D,0,0,0,0,0,0%,00:00:00,0,0%,0,0
aluno850,eytrial6,#N/D,#N/D,0,0,0,0,0,0%,00:00:00,0,0%,0,0
aluno851,bar19am,#N/D,#N/D,0,0,0,0,0,0%,00:00:00,0,0%,0,0
aluno852,eyturma6,#N/D,#N/D,0,0,0,0,0,0%,00:00:00,0,0%,0,0
aluno853,eytrial6,#N/D,#N/D,0,0,0,0,0,0%,00:00:00,0,0%,0,0
aluno854,edify01,#N/D,#N/D,0,0,0,0,0,0%,00:00:00,0,0%,0,0
aluno855,mastertech01_l1,#N/D,#N/D,0,0,0,0,0,0%,00:00:00,0,0%,0,0
aluno856,eytrial6,#N/D,#N/D,0,0,0,0,0,0%,00:00:00,0,0%,0,0
aluno857,anch7c,#N/D,#N/D,0,0,0,0,0,0%,00:00:00,0,0%,0,0
aluno858,bar19am,#N/D,#N/D,0,0,0,0,0,0%,00:00:00,0,0%,0,0
aluno859,eytrial6,#N/D,#N/D,0,0,0,0,0,0%,00:00:00,0,0%,0,0
aluno860,eytrial6,#N/D,#N/D,0,0,0,0,0,0%,00:00:00,0,0%,0,0
aluno861,eytrial6,#N/D,#N/D,0,0,0,0,0,0%,00:00:00,0,0%,0,0
aluno862,eyturma5,#N/D,#N/D,0,0,0,0,0,0%,00:00:00,0,0%,0,0
aluno863,eytrial6,#N/D,#N/D,0,0,0,0,0,0%,00:00:00,0,0%,0,0
aluno864,eytrial6,#N/D,#N/D,0,0,0,0,0,0%,00:00:00,0,0%,0,0
aluno865,eytrial6,#N/D,#N/D,0,0,0,0,0,0%,00:00:00,0,0%,0,0
aluno866,_default,#N/D,#N/D,0,0,0,0,0,0%,00:00:00,0,0%,0,0
aluno867,eyturma5,#N/D,#N/D,0,0,0,0,0,0%,00:00:00,0,0%,0,0
aluno868,eyturma6,#N/D,#N/D,0,0,0,0,0,0%,00:00:00,0,0%,0,0
aluno869,eytrial6,#N/D,#N/D,0,0,0,0,0,0%,00:00:00,0,0%,0,0
aluno870,tij19am,#N/D,#N/D,0,0,0,0,0,0%,00:00:00,0,0%,0,0
aluno871,eyturma5,#N/D,#N/D,0,0,0,0,0,0%,00:00:00,0,0%,0,0
aluno872,eytrial6,#N/D,#N/D,0,0,0,0,0,0%,00:00:00,0,0%,0,0
aluno873,_copa,#N/D,#N/D,0,0,0,0,0,0%,00:00:00,0,0%,0,0
aluno874,mastertech01_l2,#N/D,#N/D,0,0,0,0,0,0%,00:00:00,0,0%,0,0
aluno875,eytrial4,#N/D,#N/D,0,0,0,0,0,0%,00:00:00,0,0%,0,0
aluno876,tij19bm,#N/D,#N/D,0,0,0,0,0,0%,00:00:00,0,0%,0,0
aluno877,eyturma5,#N/D,#N/D,0,0,0,0,0,0%,00:00:00,0,0%,0,0
aluno878,eytrial6,#N/D,#N/D,0,0,0,0,0,0%,00:00:00,0,0%,0,0
aluno879,eytrial6,#N/D,#N/D,0,0,0,0,0,0%,00:00:00,0,0%,0,0
aluno880,bot17at,#N/D,#N/D,0,0,0,0,0,0%,00:00:00,0,0%,0,0
aluno881,eytrial4,#N/D,#N/D,0,0,0,0,0,0%,00:00:00,0,0%,0,0
aluno882,eytrial6,#N/D,#N/D,0,0,0,0,0,0%,00:00:00,0,0%,0,0
aluno883,eytrial6,#N/D,#N/D,0,0,0,0,0,0%,00:00:00,0,0%,0,0
aluno884,eytrial6,#N/D,#N/D,0,0,0,0,0,0%,00:00:00,0,0%,0,0
aluno885,eytrial6,#N/D,#N/D,0,0,0,0,0,0%,00:00:00,0,0%,0,0
aluno886,eytrial6,#N/D,#N/D,0,0,0,0,0,0%,00:00:00,0,0%,0,0
aluno887,eytrial6,#N/D,#N/D,0,0,0,0,0,0%,00:00:00,0,0%,0,0
aluno888,eytrial6,#N/D,#N/D,0,0,0,0,0,0%,00:00:00,0,0%,0,0
aluno889,eytrial6,#N/D,#N/D,0,0,0,0,0,0%,00:00:00,0,0%,0,0
aluno890,eytrial6,#N/D,#N/D,0,0,0,0,0,0%,00:00:00,0,0%,0,0
aluno891,eytrial6,#N/D,#N/D,0,0,0,0,0,0%,00:00:00,0,0%,0,0
aluno892,fre17at,#N/D,#N/D,0,0,0,0,0,0%,00:00:00,0,0%,0,0
aluno893,fre18at,#N/D,#N/D,0,0,0,0,0,0%,00:00:00,0,0%,0,0
aluno894,eytrial6,#N/D,#N/D,0,0,0,0,0,0%,00:00:00,0,0%,0,0
aluno895,eytrial6,#N/D,#N/D,0,0,0,0,0,0%,00:00:00,0,0%,0,0
aluno896,fre17at,#N/D,#N/D,0,0,0,0,0,0%,00:00:00,0,0%,0,0
aluno897,eytrial6,#N/D,#N/D,0,0,0,0,0,0%,00:00:00,0,0%,0,0
aluno898,bar17am,#N/D,#N/D,0,0,0,0,0,0%,00:00:00,0,0%,0,0
aluno899,eytrial6,#N/D,#N/D,0,0,0,0,0,0%,00:00:00,0,0%,0,0
aluno900,eyturma6,#N/D,#N/D,0,0,0,0,0,0%,00:00:00,0,0%,0,0
aluno901,eytrial6,#N/D,#N/D,0,0,0,0,0,0%,00:00:00,0,0%,0,0
aluno902,rec16at,#N/D,#N/D,0,0,0,0,0,0%,00:00:00,0,0%,0,0
aluno903,eytrial4,#N/D,#N/D,0,0,0,0,0,0%,00:00:00,0,0%,0,0
aluno904,cfcm1em,#N/D,#N/D,0,0,0,0,0,0%,00:00:00,0,0%,0,0
aluno905,eyturma5,#N/D,#N/D,0,0,0,0,0,0%,00:00:00,0,0%,0,0
aluno906,eyturma6,#N/D,#N/D,0,0,0,0,0,0%,00:00:00,0,0%,0,0
aluno907,cfcm9m,#N/D,#N/D,0,0,0,0,0,0%,00:00:00,0,0%,0,0
aluno908,colm27,#N/D,#N/D,0,0,0,0,0,0%,00:00:00,0,0%,0,0
aluno909,eyturma5,#N/D,#N/D,0,0,0,0,0,0%,00:00:00,0,0%,0,0
aluno910,eyturma5,#N/D,#N/D,0,0,0,0,0,0%,00:00:00,0,0%,0,0
aluno911,eyturma6,#N/D,#N/D,0,0,0,0,0,0%,00:00:00,0,0%,0,0
aluno912,fre17at,#N/D,#N/D,0,0,0,0,0,0%,00:00:00,0,0%,0,0
aluno913,_default,#N/D,#N/D,0,0,0,0,0,0%,00:00:00,0,0%,0,0
aluno914,eytrial6,#N/D,#N/D,0,0,0,0,0,0%,00:00:00,0,0%,0,0
aluno915,eytrial6,#N/D,#N/D,0,0,0,0,0,0%,00:00:00,0,0%,0,0
aluno916,eyturma5,#N/D,#N/D,0,0,0,0,0,0%,00:00:00,0,0%,0,0
aluno917,eyturma6,#N/D,#N/D,0,0,0,0,0,0%,00:00:00,0,0%,0,0
aluno918,eyturma5,#N/D,#N/D,0,0,0,0,0,0%,00:00:00,0,0%,0,0
aluno919,eyturma5,#N/D,#N/D,0,0,0,0,0,0%,00:00:00,0,0%,0,0
aluno920,eytrial6,#N/D,#N/D,0,0,0,0,0,0%,00:00:00,0,0%,0,0
aluno921,eyk3i,8º ano,A2,0,0,0,0,0,0%,00:00:00,0,0%,0,0
aluno922,eyturma6,#N/D,#N/D,0,0,0,0,0,0%,00:00:00,0,0%,0,0
aluno923,eytrial6,#N/D,#N/D,0,0,0,0,0,0%,00:00:00,0,0%,0,0
aluno924,eyturma5,#N/D,#N/D,0,0,0,0,0,0%,00:00:00,0,0%,0,0
aluno925,eyturma5,#N/D,#N/D,0,0,0,0,0,0%,00:00:00,0,0%,0,0
aluno926,bar17bm,#N/D,#N/D,0,0,0,0,0,0%,00:00:00,0,0%,0,0
aluno927,anch9a,#N/D,#N/D,0,0,0,0,0,0%,00:00:00,0,0%,0,0
aluno928,eytrial6,#N/D,#N/D,0,0,0,0,0,0%,00:00:00,0,0%,0,0
aluno929,eytrial6,#N/D,#N/D,0,0,0,0,0,0%,00:00:00,0,0%,0,0
aluno930,eyturma5,#N/D,#N/D,0,0,0,0,0,0%,00:00:00,0,0%,0,0
aluno931,eytrial6,#N/D,#N/D,0,0,0,0,0,0%,00:00:00,0,0%,0,0
aluno932,eytrial6,#N/D,#N/D,0,0,0,0,0,0%,00:00:00,0,0%,0,0
aluno933,genesis3,#N/D,#N/D,0,0,0,0,0,0%,00:00:00,0,0%,0,0
aluno934,etchat1,#N/D,#N/D,0,0,0,0,0,0%,00:00:00,0,0%,0,0
aluno935,eytrial6,#N/D,#N/D,0,0,0,0,0,0%,00:00:00,0,0%,0,0
aluno936,cfcm712,#N/D,#N/D,0,0,0,0,0,0%,00:00:00,0,0%,0,0
aluno937,_default,#N/D,#N/D,0,0,0,0,0,0%,00:00:00,0,0%,0,0
aluno938,eyturma6,#N/D,#N/D,0,0,0,0,0,0%,00:00:00,0,0%,0,0
aluno939,_default,#N/D,#N/D,0,0,0,0,0,0%,00:00:00,0,0%,0,0
aluno940,_default,#N/D,#N/D,0,0,0,0,0,0%,00:00:00,0,0%,0,0
aluno941,eytrial6,#N/D,#N/D,0,0,0,0,0,0%,00:00:00,0,0%,0,0
aluno942,eytrial6,#N/D,#N/D,0,0,0,0,0,0%,00:00:00,0,0%,0,0
aluno943,eyturma5,#N/D,#N/D,0,0,0,0,0,0%,00:00:00,0,0%,0,0
aluno944,eytrial123,#N/D,#N/D,0,0,0,0,0,0%,00:00:00,0,0%,0,0
aluno945,eytrial6,#N/D,#N/D,0,0,0,0,0,0%,00:00:00,0,0%,0,0
aluno946,_default,#N/D,#N/D,0,0,0,0,0,0%,00:00:00,0,0%,0,0
aluno947,_default,#N/D,#N/D,0,0,0,0,0,0%,00:00:00,0,0%,0,0
aluno948,cfcm3em,#N/D,#N/D,0,0,0,0,0,0%,00:00:00,0,0%,0,0
aluno949,eytrial6,#N/D,#N/D,0,0,0,0,0,0%,00:00:00,0,0%,0,0
aluno950,delphos92,#N/D,#N/D,0,0,0,0,0,0%,00:00:00,0,0%,0,0
aluno951,eyturma5,#N/D,#N/D,0,0,0,0,0,0%,00:00:00,0,0%,0,0
aluno952,eytrial6,#N/D,#N/D,0,0,0,0,0,0%,00:00:00,0,0%,0,0
aluno953,gen02,#N/D,#N/D,0,0,0,0,0,0%,00:00:00,0,0%,0,0
aluno954,eyturma5,#N/D,#N/D,0,0,0,0,0,0%,00:00:00,0,0%,0,0
aluno955,eyturma4,#N/D,#N/D,0,0,0,0,0,0%,00:00:00,0,0%,0,0
aluno956,eytrial6,#N/D,#N/D,0,0,0,0,0,0%,00:00:00,0,0%,0,0
aluno957,eytrial6,#N/D,#N/D,0,0,0,0,0,0%,00:00:00,0,0%,0,0
aluno958,eytrial6,#N/D,#N/D,0,0,0,0,0,0%,00:00:00,0,0%,0,0
aluno959,eyturma5,#N/D,#N/D,0,0,0,0,0,0%,00:00:00,0,0%,0,0
aluno960,ya2019,#N/D,#N/D,0,0,0,0,0,0%,00:00:00,0,0%,0,0
aluno961,eytrial6,#N/D,#N/D,0,0,0,0,0,0%,00:00:00,0,0%,0,0
aluno962,eytrial6,#N/D,#N/D,0,0,0,0,0,0%,00:00:00,0,0%,0,0
aluno963,eytrial6,#N/D,#N/D,0,0,0,0,0,0%,00:00:00,0,0%,0,0
aluno964,eyturma6,#N/D,#N/D,0,0,0,0,0,0%,00:00:00,0,0%,0,0
aluno965,eyturma6,#N/D,#N/D,0,0,0,0,0,0%,00:00:00,0,0%,0,0
aluno966,eytrial6,#N/D,#N/D,0,0,0,0,0,0%,00:00:00,0,0%,0,0
aluno967,eytrial6,#N/D,#N/D,0,0,0,0,0,0%,00:00:00,0,0%,0,0
aluno968,_default,#N/D,#N/D,0,0,0,0,0,0%,00:00:00,0,0%,0,0
aluno969,cfcm88,#N/D,#N/D,0,0,0,0,0,0%,00:00:00,0,0%,0,0
aluno970,eytrial6,#N/D,#N/D,0,0,0,0,0,0%,00:00:00,0,0%,0,0
aluno971,eytrial6,#N/D,#N/D,0,0,0,0,0,0%,00:00:00,0,0%,0,0
aluno972,eytrial6,#N/D,#N/D,0,0,0,0,0,0%,00:00:00,0,0%,0,0
aluno973,eytrial6,#N/D,#N/D,0,0,0,0,0,0%,00:00:00,0,0%,0,0
aluno974,eyturma4,#N/D,#N/D,0,0,0,0,0,0%,00:00:00,0,0%,0,0
aluno975,bar17bm,#N/D,#N/D,0,0,0,0,0,0%,00:00:00,0,0%,0,0
aluno976,eyturma6,#N/D,#N/D,0,0,0,0,0,0%,00:00:00,0,0%,0,0
aluno977,tij16am,#N/D,#N/D,0,0,0,0,0,0%,00:00:00,0,0%,0,0
aluno978,_default,#N/D,#N/D,0,0,0,0,0,0%,00:00:00,0,0%,0,0
aluno979,_default,#N/D,#N/D,0,0,0,0,0,0%,00:00:00,0,0%,0,0
aluno980,eyturma6,#N/D,#N/D,0,0,0,0,0,0%,00:00:00,0,0%,0,0
aluno981,cfcm71,#N/D,#N/D,0,0,0,0,0,0%,00:00:00,0,0%,0,0
aluno982,eyturma6,#N/D,#N/D,0,0,0,0,0,0%,00:00:00,0,0%,0,0
aluno983,eytrial6,#N/D,#N/D,0,0,0,0,0,0%,00:00:00,0,0%,0,0
aluno984,eytrial6,#N/D,#N/D,0,0,0,0,0,0%,00:00:00,0,0%,0,0
aluno985,_default,#N/D,#N/D,0,0,0,0,0,0%,00:00:00,0,0%,0,0
aluno986,eyturma5,#N/D,#N/D,0,0,0,0,0,0%,00:00:00,0,0%,0,0
aluno987,eytrial6,#N/D,#N/D,0,0,0,0,0,0%,00:00:00,0,0%,0,0
aluno988,eytrial6,#N/D,#N/D,0,0,0,0,0,0%,00:00:00,0,0%,0,0
aluno989,cfcm67,#N/D,#N/D,0,0,0,0,0,0%,00:00:00,0,0%,0,0
aluno990,_ny-b2c_default,#N/D,#N/D,0,0,0,0,0,0%,00:00:00,0,0%,0,0
aluno991,_ny-b2c_default,#N/D,#N/D,0,0,0,0,0,0%,00:00:00,0,0%,0,0
aluno992,_ny-b2c_default,#N/D,#N/D,0,0,0,0,0,0%,00:00:00,0,0%,0,0
aluno993,eytrial6,#N/D,#N/D,0,0,0,0,0,0%,00:00:00,0,0%,0,0
aluno994,eytrial6,#N/D,#N/D,0,0,0,0,0,0%,00:00:00,0,0%,0,0
aluno995,eyturma2,#N/D,#N/D,0,0,0,0,0,0%,00:00:00,0,0%,0,0
aluno996,eytrial6,#N/D,#N/D,0,0,0,0,0,0%,00:00:00,0,0%,0,0
aluno997,eyturma6,#N/D,#N/D,0,0,0,0,0,0%,00:00:00,0,0%,0,0
aluno998,eytrial6,#N/D,#N/D,0,0,0,0,0,0%,00:00:00,0,0%,0,0
aluno999,tij19am,#N/D,#N/D,0,0,0,0,0,0%,00:00:00,0,0%,0,0
aluno1000,tij19am,#N/D,#N/D,0,0,0,0,0,0%,00:00:00,0,0%,0,0